id,anneals to,sequence,annealing temperature,length,price(DKK),description,footprint,len_footprint
P001,PABA-UP,TTCTTCTGGCATCTTTCCTCCGAC,65.35,24,43.2,Anneals to PABA-UP,TTCTTCTGGCATCTTTCCTCCGAC,24
P002,PABA-UP,ATCACGACCAGATAACACCCTCTCTTACTCCCGTCCACC,64.98,39,70.2,"Anneals to PABA-UP, overlaps to 1036bp_PCR_prod",CCTCTCTTACTCCCGTCCACC,21
P003,PKG1_promoter,GGACGGGAGTAAGAGAGGGTGTTATCTGGTCGTGATTCGCCA,65.62,42,75.60000000000001,"Anneals to PKG1_promoter, overlaps to PABA-UP",GTGTTATCTGGTCGTGATTCGCCA,24
P004,PKG1_promoter,CTCGCCCTTGCTCACCATTGTGGATTGTGAAGAAGAGATGGATCGT,66.16,46,82.8,"Anneals to PKG1_promoter, overlaps to 738bp_PCR_prod",TGTGGATTGTGAAGAAGAGATGGATCGT,28
P005,dTomato,TCTTCTTCACAATCCACAATGGTGAGCAAGGGCGAGG,66.25,37,66.60000000000001,"Anneals to dTomato, overlaps to PKG1_promoter",ATGGTGAGCAAGGGCGAGG,19
P006,dTomato,ACTTGTTCATTTTGCTTTCTTGTACAGCTCGTCCATGCCG,66.73,40,72.0,"Anneals to dTomato, overlaps to 1036bp_PCR_prod",CTTGTACAGCTCGTCCATGCCG,22
P007,PKG1_terminator,ATGGACGAGCTGTACAAGAAAGCAAAATGAACAAGTTTTTTTATCTGTAAAGTATTGAAGAAT,64.79,63,113.4,"Anneals to PKG1_terminator, overlaps to dTomato",AAAGCAAAATGAACAAGTTTTTTTATCTGTAAAGTATTGAAGAAT,45
P008,PKG1_terminator,TGATATCGAGAGGACGCTGCCCGATACCTCCAAGGAAATAACA,65.26,43,77.4,"Anneals to PKG1_terminator, overlaps to 523bp_PCR_prod",GCCCGATACCTCCAAGGAAATAACA,25
P009,PABA-DW,TCCTTGGAGGTATCGGGCAGCGTCCTCTCGATATCACCG,64.55,39,70.2,"Anneals to PABA-DW, overlaps to PKG1_terminator",AGCGTCCTCTCGATATCACCG,21
P010,PABA-DW,GCCTGGCGGAATCCTCAC,64.57,18,32.4,Anneals to PABA-DW,GCCTGGCGGAATCCTCAC,18
P011,dTomato,TTCGATATCCGGTCATATCTTGTACAGCTCGTCCATGCCG,66.73,40,72.0,"Anneals to dTomato, overlaps to 1036bp_PCR_prod",CTTGTACAGCTCGTCCATGCCG,22
P012,ADH1_terminator,ATGGACGAGCTGTACAAGATATGACCGGATATCGAATCTAAGTGATTGTATTATAGG,64.95,57,102.60000000000001,"Anneals to ADH1_terminator, overlaps to dTomato",ATATGACCGGATATCGAATCTAAGTGATTGTATTATAGG,39
P013,ADH1_terminator,TGATATCGAGAGGACGCTTTCACGCATCTGGCTCATTGACT,65.26,41,73.8,"Anneals to ADH1_terminator, overlaps to 523bp_PCR_prod",TTCACGCATCTGGCTCATTGACT,23
P014,PABA-DW,ATGAGCCAGATGCGTGAAAGCGTCCTCTCGATATCACCG,64.55,39,70.2,"Anneals to PABA-DW, overlaps to ADH1_terminator",AGCGTCCTCTCGATATCACCG,21
P015,dTomato,AGATTAGAGATGTGCGCTCTTGTACAGCTCGTCCATGCCG,66.73,40,72.0,"Anneals to dTomato, overlaps to 1036bp_PCR_prod",CTTGTACAGCTCGTCCATGCCG,22
P016,TDH3_terminator,ATGGACGAGCTGTACAAGAGCGCACATCTCTAATCTTTGATTTACGTATAATC,64.93,53,95.4,"Anneals to TDH3_terminator, overlaps to dTomato",AGCGCACATCTCTAATCTTTGATTTACGTATAATC,35
P017,TDH3_terminator,TGATATCGAGAGGACGCTGCTCGCACTCGCTGCC,65.58,34,61.2,"Anneals to TDH3_terminator, overlaps to 523bp_PCR_prod",GCTCGCACTCGCTGCC,16
P018,PABA-DW,GTGGCAGCGAGTGCGAGCAGCGTCCTCTCGATATCACCG,64.55,39,70.2,"Anneals to PABA-DW, overlaps to TDH3_terminator",AGCGTCCTCTCGATATCACCG,21
P019,dTomato,GGGTCGTAAGGAGGTCGTCTTGTACAGCTCGTCCATGCCG,66.73,40,72.0,"Anneals to dTomato, overlaps to 1036bp_PCR_prod",CTTGTACAGCTCGTCCATGCCG,22
P020,ACT_terminator,ATGGACGAGCTGTACAAGACGACCTCCTTACGACCCTTTG,65.05,40,72.0,"Anneals to ACT_terminator, overlaps to dTomato",ACGACCTCCTTACGACCCTTTG,22
P021,ACT_terminator,TGATATCGAGAGGACGCTGCAACCATTCAACCAAGCCACA,65.18,40,72.0,"Anneals to ACT_terminator, overlaps to 523bp_PCR_prod",GCAACCATTCAACCAAGCCACA,22
P022,PABA-DW,GCTTGGTTGAATGGTTGCAGCGTCCTCTCGATATCACCG,64.55,39,70.2,"Anneals to PABA-DW, overlaps to ACT_terminator",AGCGTCCTCTCGATATCACCG,21
P023,dTomato,GGTGTTTCTACATCTAGTCTTGTACAGCTCGTCCATGCCG,66.73,40,72.0,"Anneals to dTomato, overlaps to 1036bp_PCR_prod",CTTGTACAGCTCGTCCATGCCG,22
P024,TEF1_terminator,ATGGACGAGCTGTACAAGACTAGATGTAGAAACACCCTTTTGTATCACC,64.65,49,88.2,"Anneals to TEF1_terminator, overlaps to dTomato",ACTAGATGTAGAAACACCCTTTTGTATCACC,31
P025,TEF1_terminator,TGATATCGAGAGGACGCTTCCTCGACGTTTGAAACAAGTCACA,65.14,43,77.4,"Anneals to TEF1_terminator, overlaps to 523bp_PCR_prod",TCCTCGACGTTTGAAACAAGTCACA,25
P026,PABA-DW,TGTTTCAAACGTCGAGGAAGCGTCCTCTCGATATCACCG,64.55,39,70.2,"Anneals to PABA-DW, overlaps to TEF1_terminator",AGCGTCCTCTCGATATCACCG,21
P027,dTomato,CTGGTGGGCGATAGTGATCTTGTACAGCTCGTCCATGCCG,66.73,40,72.0,"Anneals to dTomato, overlaps to 1036bp_PCR_prod",CTTGTACAGCTCGTCCATGCCG,22
P028,DED1_terminator,ATGGACGAGCTGTACAAGATCACTATCGCCCACCAGTAACTG,64.88,42,75.60000000000001,"Anneals to DED1_terminator, overlaps to dTomato",ATCACTATCGCCCACCAGTAACTG,24
P029,DED1_terminator,TGATATCGAGAGGACGCTATGACAATGCGTTCAATGCTAATGCTAATG,64.87,48,86.4,"Anneals to DED1_terminator, overlaps to 523bp_PCR_prod",ATGACAATGCGTTCAATGCTAATGCTAATG,30
P030,PABA-DW,CATTGAACGCATTGTCATAGCGTCCTCTCGATATCACCG,64.55,39,70.2,"Anneals to PABA-DW, overlaps to DED1_terminator",AGCGTCCTCTCGATATCACCG,21
P031,dTomato,CGCGGAACGCCATTCCCCCTTGTACAGCTCGTCCATGCCG,66.73,40,72.0,"Anneals to dTomato, overlaps to 1036bp_PCR_prod",CTTGTACAGCTCGTCCATGCCG,22
P032,gpdA_terminator,ATGGACGAGCTGTACAAGGGGGAATGGCGTTCCGC,65.54,35,63.0,"Anneals to gpdA_terminator, overlaps to dTomato",GGGGAATGGCGTTCCGC,17
P033,gpdA_terminator,TGATATCGAGAGGACGCTTGTGATGTATGTGGTGGATTGGGTG,65.59,43,77.4,"Anneals to gpdA_terminator, overlaps to 523bp_PCR_prod",TGTGATGTATGTGGTGGATTGGGTG,25
P034,PABA-DW,TCCACCACATACATCACAAGCGTCCTCTCGATATCACCG,64.55,39,70.2,"Anneals to PABA-DW, overlaps to gpdA_terminator",AGCGTCCTCTCGATATCACCG,21
P035,dTomato,ATGAGGAAGGATGATCGTCTTGTACAGCTCGTCCATGCCG,66.73,40,72.0,"Anneals to dTomato, overlaps to 1036bp_PCR_prod",CTTGTACAGCTCGTCCATGCCG,22
P036,pkiA_terminator,ATGGACGAGCTGTACAAGACGATCATCCTTCCTCATTCATGGAC,64.96,44,79.2,"Anneals to pkiA_terminator, overlaps to dTomato",ACGATCATCCTTCCTCATTCATGGAC,26
P037,pkiA_terminator,TGATATCGAGAGGACGCTTACTCGTGCTTTGTTCACTCAGTCAC,65.34,44,79.2,"Anneals to pkiA_terminator, overlaps to 523bp_PCR_prod",TACTCGTGCTTTGTTCACTCAGTCAC,26
P038,PABA-DW,GTGAACAAAGCACGAGTAAGCGTCCTCTCGATATCACCG,64.55,39,70.2,"Anneals to PABA-DW, overlaps to pkiA_terminator",AGCGTCCTCTCGATATCACCG,21
P039,dTomato,GCAACACTTTTTAATCGCCTTGTACAGCTCGTCCATGCCG,66.73,40,72.0,"Anneals to dTomato, overlaps to 1036bp_PCR_prod",CTTGTACAGCTCGTCCATGCCG,22
P040,mdhA_terminator,ATGGACGAGCTGTACAAGGCGATTAAAAAGTGTTGCATTCATTAGTAGGC,65.34,50,90.0,"Anneals to mdhA_terminator, overlaps to dTomato",GCGATTAAAAAGTGTTGCATTCATTAGTAGGC,32
P041,mdhA_terminator,TGATATCGAGAGGACGCTACGCCTCTCCTTTCCCTCC,65.11,37,66.60000000000001,"Anneals to mdhA_terminator, overlaps to 523bp_PCR_prod",ACGCCTCTCCTTTCCCTCC,19
P042,PABA-DW,GAGGGAAAGGAGAGGCGTAGCGTCCTCTCGATATCACCG,64.55,39,70.2,"Anneals to PABA-DW, overlaps to mdhA_terminator",AGCGTCCTCTCGATATCACCG,21
P043,PKG1_promoter,GCTAACATTGACAAGCATTGTGGATTGTGAAGAAGAGATGGATCGT,66.16,46,82.8,"Anneals to PKG1_promoter, overlaps to 738bp_PCR_prod",TGTGGATTGTGAAGAAGAGATGGATCGT,28
P044,Negative_control,TCTTCTTCACAATCCACAATGCTTGTCAATGTTAGCTTGCACAG,64.8,44,79.2,"Anneals to Negative_control, overlaps to PKG1_promoter",ATGCTTGTCAATGTTAGCTTGCACAG,26
P045,Negative_control,ACTTGTTCATTTTGCTTTCTAGTCCGATTTCTGTCGCTGGG,65.8,41,73.8,"Anneals to Negative_control, overlaps to 1036bp_PCR_prod",CTAGTCCGATTTCTGTCGCTGGG,23
P046,PKG1_terminator,CGACAGAAATCGGACTAGAAAGCAAAATGAACAAGTTTTTTTATCTGTAAAGTATTGAAGAAT,64.79,63,113.4,"Anneals to PKG1_terminator, overlaps to Negative_control",AAAGCAAAATGAACAAGTTTTTTTATCTGTAAAGTATTGAAGAAT,45
P047,Negative_control,TTCGATATCCGGTCATATCTAGTCCGATTTCTGTCGCTGGG,65.8,41,73.8,"Anneals to Negative_control, overlaps to 1036bp_PCR_prod",CTAGTCCGATTTCTGTCGCTGGG,23
P048,ADH1_terminator,CGACAGAAATCGGACTAGATATGACCGGATATCGAATCTAAGTGATTGTATTATAGG,64.95,57,102.60000000000001,"Anneals to ADH1_terminator, overlaps to Negative_control",ATATGACCGGATATCGAATCTAAGTGATTGTATTATAGG,39
P049,Negative_control,AGATTAGAGATGTGCGCTCTAGTCCGATTTCTGTCGCTGGG,65.8,41,73.8,"Anneals to Negative_control, overlaps to 1036bp_PCR_prod",CTAGTCCGATTTCTGTCGCTGGG,23
P050,TDH3_terminator,CGACAGAAATCGGACTAGAGCGCACATCTCTAATCTTTGATTTACGTATAATC,64.93,53,95.4,"Anneals to TDH3_terminator, overlaps to Negative_control",AGCGCACATCTCTAATCTTTGATTTACGTATAATC,35
P051,Negative_control,GGGTCGTAAGGAGGTCGTCTAGTCCGATTTCTGTCGCTGGG,65.8,41,73.8,"Anneals to Negative_control, overlaps to 1036bp_PCR_prod",CTAGTCCGATTTCTGTCGCTGGG,23
P052,ACT_terminator,CGACAGAAATCGGACTAGACGACCTCCTTACGACCCTTTG,65.05,40,72.0,"Anneals to ACT_terminator, overlaps to Negative_control",ACGACCTCCTTACGACCCTTTG,22
P053,Negative_control,GGTGTTTCTACATCTAGTCTAGTCCGATTTCTGTCGCTGGG,65.8,41,73.8,"Anneals to Negative_control, overlaps to 1036bp_PCR_prod",CTAGTCCGATTTCTGTCGCTGGG,23
P054,TEF1_terminator,CGACAGAAATCGGACTAGACTAGATGTAGAAACACCCTTTTGTATCACC,64.65,49,88.2,"Anneals to TEF1_terminator, overlaps to Negative_control",ACTAGATGTAGAAACACCCTTTTGTATCACC,31
P055,Negative_control,CTGGTGGGCGATAGTGATCTAGTCCGATTTCTGTCGCTGGG,65.8,41,73.8,"Anneals to Negative_control, overlaps to 1036bp_PCR_prod",CTAGTCCGATTTCTGTCGCTGGG,23
P056,DED1_terminator,CGACAGAAATCGGACTAGATCACTATCGCCCACCAGTAACTG,64.88,42,75.60000000000001,"Anneals to DED1_terminator, overlaps to Negative_control",ATCACTATCGCCCACCAGTAACTG,24
P057,Negative_control,CGCGGAACGCCATTCCCCCTAGTCCGATTTCTGTCGCTGGG,65.8,41,73.8,"Anneals to Negative_control, overlaps to 1036bp_PCR_prod",CTAGTCCGATTTCTGTCGCTGGG,23
P058,gpdA_terminator,CGACAGAAATCGGACTAGGGGGAATGGCGTTCCGC,65.54,35,63.0,"Anneals to gpdA_terminator, overlaps to Negative_control",GGGGAATGGCGTTCCGC,17
P059,Negative_control,ATGAGGAAGGATGATCGTCTAGTCCGATTTCTGTCGCTGGG,65.8,41,73.8,"Anneals to Negative_control, overlaps to 1036bp_PCR_prod",CTAGTCCGATTTCTGTCGCTGGG,23
P060,pkiA_terminator,CGACAGAAATCGGACTAGACGATCATCCTTCCTCATTCATGGAC,64.96,44,79.2,"Anneals to pkiA_terminator, overlaps to Negative_control",ACGATCATCCTTCCTCATTCATGGAC,26
P061,Negative_control,GCAACACTTTTTAATCGCCTAGTCCGATTTCTGTCGCTGGG,65.8,41,73.8,"Anneals to Negative_control, overlaps to 1036bp_PCR_prod",CTAGTCCGATTTCTGTCGCTGGG,23
P062,mdhA_terminator,CGACAGAAATCGGACTAGGCGATTAAAAAGTGTTGCATTCATTAGTAGGC,65.34,50,90.0,"Anneals to mdhA_terminator, overlaps to Negative_control",GCGATTAAAAAGTGTTGCATTCATTAGTAGGC,32
P063,PABA-UP,GACCCTGGTCAATGCGGGCCTCTCTTACTCCCGTCCACC,64.98,39,70.2,"Anneals to PABA-UP, overlaps to 1036bp_PCR_prod",CCTCTCTTACTCCCGTCCACC,21
P064,ADH1_promoter,GGACGGGAGTAAGAGAGGCCCGCATTGACCAGGGTC,64.57,36,64.8,"Anneals to ADH1_promoter, overlaps to PABA-UP",CCCGCATTGACCAGGGTC,18
P065,ADH1_promoter,CTCGCCCTTGCTCACCATGGTTGATGCTGAGTGTGATCGTTAAAG,64.55,45,81.0,"Anneals to ADH1_promoter, overlaps to 738bp_PCR_prod",GGTTGATGCTGAGTGTGATCGTTAAAG,27
P066,dTomato,TCACACTCAGCATCAACCATGGTGAGCAAGGGCGAGG,66.25,37,66.60000000000001,"Anneals to dTomato, overlaps to ADH1_promoter",ATGGTGAGCAAGGGCGAGG,19
P067,ADH1_promoter,GCTAACATTGACAAGCATGGTTGATGCTGAGTGTGATCGTTAAAG,64.55,45,81.0,"Anneals to ADH1_promoter, overlaps to 738bp_PCR_prod",GGTTGATGCTGAGTGTGATCGTTAAAG,27
P068,Negative_control,TCACACTCAGCATCAACCATGCTTGTCAATGTTAGCTTGCACAG,64.8,44,79.2,"Anneals to Negative_control, overlaps to ADH1_promoter",ATGCTTGTCAATGTTAGCTTGCACAG,26
P069,PABA-UP,CGCGGAACGCCATTCCCCCCTCTCTTACTCCCGTCCACC,64.98,39,70.2,"Anneals to PABA-UP, overlaps to 1036bp_PCR_prod",CCTCTCTTACTCCCGTCCACC,21
P070,TDH3_promoter,GGACGGGAGTAAGAGAGGGGGGAATGGCGTTCCGC,65.54,35,63.0,"Anneals to TDH3_promoter, overlaps to PABA-UP",GGGGAATGGCGTTCCGC,17
P071,TDH3_promoter,CTCGCCCTTGCTCACCATTGTGATGTATGTGGTGGATTGGGTG,65.59,43,77.4,"Anneals to TDH3_promoter, overlaps to 738bp_PCR_prod",TGTGATGTATGTGGTGGATTGGGTG,25
P072,dTomato,TCCACCACATACATCACAATGGTGAGCAAGGGCGAGG,66.25,37,66.60000000000001,"Anneals to dTomato, overlaps to TDH3_promoter",ATGGTGAGCAAGGGCGAGG,19
P073,TDH3_promoter,GCTAACATTGACAAGCATTGTGATGTATGTGGTGGATTGGGTG,65.59,43,77.4,"Anneals to TDH3_promoter, overlaps to 738bp_PCR_prod",TGTGATGTATGTGGTGGATTGGGTG,25
P074,Negative_control,TCCACCACATACATCACAATGCTTGTCAATGTTAGCTTGCACAG,64.8,44,79.2,"Anneals to Negative_control, overlaps to TDH3_promoter",ATGCTTGTCAATGTTAGCTTGCACAG,26
P075,PABA-UP,TCTCTTCTCGAACGAAAACCTCTCTTACTCCCGTCCACC,64.98,39,70.2,"Anneals to PABA-UP, overlaps to 1036bp_PCR_prod",CCTCTCTTACTCCCGTCCACC,21
P076,ACT_promoter,GGACGGGAGTAAGAGAGGTTTTCGTTCGAGAAGAGAGGTAGGC,64.93,43,77.4,"Anneals to ACT_promoter, overlaps to PABA-UP",TTTTCGTTCGAGAAGAGAGGTAGGC,25
P077,ACT_promoter,CTCGCCCTTGCTCACCATGGTGATTATTCGTTAAGTGGGATAAAGGAAGAA,64.91,51,91.8,"Anneals to ACT_promoter, overlaps to 738bp_PCR_prod",GGTGATTATTCGTTAAGTGGGATAAAGGAAGAA,33
P078,dTomato,ACTTAACGAATAATCACCATGGTGAGCAAGGGCGAGG,66.25,37,66.60000000000001,"Anneals to dTomato, overlaps to ACT_promoter",ATGGTGAGCAAGGGCGAGG,19
P079,ACT_promoter,GCTAACATTGACAAGCATGGTGATTATTCGTTAAGTGGGATAAAGGAAGAA,64.91,51,91.8,"Anneals to ACT_promoter, overlaps to 738bp_PCR_prod",GGTGATTATTCGTTAAGTGGGATAAAGGAAGAA,33
P080,Negative_control,ACTTAACGAATAATCACCATGCTTGTCAATGTTAGCTTGCACAG,64.8,44,79.2,"Anneals to Negative_control, overlaps to ACT_promoter",ATGCTTGTCAATGTTAGCTTGCACAG,26
P081,PABA-UP,GCGACAACGCCAAATGCCCCTCTCTTACTCCCGTCCACC,64.98,39,70.2,"Anneals to PABA-UP, overlaps to 1036bp_PCR_prod",CCTCTCTTACTCCCGTCCACC,21
P082,TEF1_promoter,GGACGGGAGTAAGAGAGGGGCATTTGGCGTTGTCGCT,65.45,37,66.60000000000001,"Anneals to TEF1_promoter, overlaps to PABA-UP",GGCATTTGGCGTTGTCGCT,19
P083,TEF1_promoter,CTCGCCCTTGCTCACCATTTTTGTTAGGAGTTCTGTGGATGGACG,65.38,45,81.0,"Anneals to TEF1_promoter, overlaps to 738bp_PCR_prod",TTTTGTTAGGAGTTCTGTGGATGGACG,27
P084,dTomato,ACAGAACTCCTAACAAAAATGGTGAGCAAGGGCGAGG,66.25,37,66.60000000000001,"Anneals to dTomato, overlaps to TEF1_promoter",ATGGTGAGCAAGGGCGAGG,19
P085,TEF1_promoter,GCTAACATTGACAAGCATTTTTGTTAGGAGTTCTGTGGATGGACG,65.38,45,81.0,"Anneals to TEF1_promoter, overlaps to 738bp_PCR_prod",TTTTGTTAGGAGTTCTGTGGATGGACG,27
P086,Negative_control,ACAGAACTCCTAACAAAAATGCTTGTCAATGTTAGCTTGCACAG,64.8,44,79.2,"Anneals to Negative_control, overlaps to TEF1_promoter",ATGCTTGTCAATGTTAGCTTGCACAG,26
P087,PABA-UP,CTGCGCCTGAATTTGAGGCCTCTCTTACTCCCGTCCACC,64.98,39,70.2,"Anneals to PABA-UP, overlaps to 1036bp_PCR_prod",CCTCTCTTACTCCCGTCCACC,21
P088,DED1_promoter,GGACGGGAGTAAGAGAGGCCTCAAATTCAGGCGCAGCAAT,65.01,40,72.0,"Anneals to DED1_promoter, overlaps to PABA-UP",CCTCAAATTCAGGCGCAGCAAT,22
P089,DED1_promoter,CTCGCCCTTGCTCACCATATTAGTTGAAGATTTGTTGAACTCGAATCGTTCT,64.98,52,93.60000000000001,"Anneals to DED1_promoter, overlaps to 738bp_PCR_prod",ATTAGTTGAAGATTTGTTGAACTCGAATCGTTCT,34
P090,dTomato,AACAAATCTTCAACTAATATGGTGAGCAAGGGCGAGG,66.25,37,66.60000000000001,"Anneals to dTomato, overlaps to DED1_promoter",ATGGTGAGCAAGGGCGAGG,19
P091,DED1_promoter,GCTAACATTGACAAGCATATTAGTTGAAGATTTGTTGAACTCGAATCGTTCT,64.98,52,93.60000000000001,"Anneals to DED1_promoter, overlaps to 738bp_PCR_prod",ATTAGTTGAAGATTTGTTGAACTCGAATCGTTCT,34
P092,Negative_control,AACAAATCTTCAACTAATATGCTTGTCAATGTTAGCTTGCACAG,64.8,44,79.2,"Anneals to Negative_control, overlaps to DED1_promoter",ATGCTTGTCAATGTTAGCTTGCACAG,26
P093,PABA-UP,GGATAGGTGTTCCTATTACCTCTCTTACTCCCGTCCACC,64.98,39,70.2,"Anneals to PABA-UP, overlaps to 1036bp_PCR_prod",CCTCTCTTACTCCCGTCCACC,21
P094,pkiA_promoter,GGACGGGAGTAAGAGAGGTAATAGGAACACCTATCCGACTCGGA,64.83,44,79.2,"Anneals to pkiA_promoter, overlaps to PABA-UP",TAATAGGAACACCTATCCGACTCGGA,26
P095,pkiA_promoter,CTCGCCCTTGCTCACCATTTTTTTCGAAAGGAAGTTGGGTGTGC,65.21,44,79.2,"Anneals to pkiA_promoter, overlaps to 738bp_PCR_prod",TTTTTTCGAAAGGAAGTTGGGTGTGC,26
P096,dTomato,AACTTCCTTTCGAAAAAAATGGTGAGCAAGGGCGAGG,66.25,37,66.60000000000001,"Anneals to dTomato, overlaps to pkiA_promoter",ATGGTGAGCAAGGGCGAGG,19
P097,pkiA_promoter,GCTAACATTGACAAGCATTTTTTTCGAAAGGAAGTTGGGTGTGC,65.21,44,79.2,"Anneals to pkiA_promoter, overlaps to 738bp_PCR_prod",TTTTTTCGAAAGGAAGTTGGGTGTGC,26
P098,Negative_control,AACTTCCTTTCGAAAAAAATGCTTGTCAATGTTAGCTTGCACAG,64.8,44,79.2,"Anneals to Negative_control, overlaps to pkiA_promoter",ATGCTTGTCAATGTTAGCTTGCACAG,26
P099,PABA-UP,GAACAGGCGAAGGCAAACCCTCTCTTACTCCCGTCCACC,64.98,39,70.2,"Anneals to PABA-UP, overlaps to 1036bp_PCR_prod",CCTCTCTTACTCCCGTCCACC,21
P100,mdhA_promoter,GGACGGGAGTAAGAGAGGGTTTGCCTTCGCCTGTTCCC,65.57,38,68.4,"Anneals to mdhA_promoter, overlaps to PABA-UP",GTTTGCCTTCGCCTGTTCCC,20
P101,mdhA_promoter,CTCGCCCTTGCTCACCATTTTGTGAGTTTCTGAGAAACCTTTTGGATGAA,65.44,50,90.0,"Anneals to mdhA_promoter, overlaps to 738bp_PCR_prod",TTTGTGAGTTTCTGAGAAACCTTTTGGATGAA,32
P102,dTomato,TTCTCAGAAACTCACAAAATGGTGAGCAAGGGCGAGG,66.25,37,66.60000000000001,"Anneals to dTomato, overlaps to mdhA_promoter",ATGGTGAGCAAGGGCGAGG,19
P103,mdhA_promoter,GCTAACATTGACAAGCATTTTGTGAGTTTCTGAGAAACCTTTTGGATGAA,65.44,50,90.0,"Anneals to mdhA_promoter, overlaps to 738bp_PCR_prod",TTTGTGAGTTTCTGAGAAACCTTTTGGATGAA,32
P104,Negative_control,TTCTCAGAAACTCACAAAATGCTTGTCAATGTTAGCTTGCACAG,64.8,44,79.2,"Anneals to Negative_control, overlaps to mdhA_promoter",ATGCTTGTCAATGTTAGCTTGCACAG,26
P105,PABA-UP,ATAGTGCATTCGTTGCTCCCTCTCTTACTCCCGTCCACC,64.98,39,70.2,"Anneals to PABA-UP, overlaps to 1036bp_PCR_prod",CCTCTCTTACTCCCGTCCACC,21
P106,synthetic_temp=0.50,GGACGGGAGTAAGAGAGGGAGCAACGAATGCACTATTACAAGATGAGA,65.27,48,86.4,"Anneals to synthetic_temp=0.50, overlaps to PABA-UP",GAGCAACGAATGCACTATTACAAGATGAGA,30
P107,synthetic_temp=0.50,CTCGCCCTTGCTCACCATAGAGTGAGCATGATGAAGCGCA,65.27,40,72.0,"Anneals to synthetic_temp=0.50, overlaps to 738bp_PCR_prod",AGAGTGAGCATGATGAAGCGCA,22
P108,dTomato,CTTCATCATGCTCACTCTATGGTGAGCAAGGGCGAGG,66.25,37,66.60000000000001,"Anneals to dTomato, overlaps to synthetic_temp=0.50",ATGGTGAGCAAGGGCGAGG,19
P109,synthetic_temp=0.50,GCTAACATTGACAAGCATAGAGTGAGCATGATGAAGCGCA,65.27,40,72.0,"Anneals to synthetic_temp=0.50, overlaps to 738bp_PCR_prod",AGAGTGAGCATGATGAAGCGCA,22
P110,Negative_control,CTTCATCATGCTCACTCTATGCTTGTCAATGTTAGCTTGCACAG,64.8,44,79.2,"Anneals to Negative_control, overlaps to synthetic_temp=0.50",ATGCTTGTCAATGTTAGCTTGCACAG,26
P111,PABA-UP,ATATACTCTGTTACTCTCCCTCTCTTACTCCCGTCCACC,64.98,39,70.2,"Anneals to PABA-UP, overlaps to 1036bp_PCR_prod",CCTCTCTTACTCCCGTCCACC,21
P112,synthetic_temp=1.60,GGACGGGAGTAAGAGAGGGAGAGTAACAGAGTATATAGACAATTGGTCGG,64.28,50,90.0,"Anneals to synthetic_temp=1.60, overlaps to PABA-UP",GAGAGTAACAGAGTATATAGACAATTGGTCGG,32
P113,synthetic_temp=1.60,CTCGCCCTTGCTCACCATCTACTTGGCCATTCGCATCCAG,64.55,40,72.0,"Anneals to synthetic_temp=1.60, overlaps to 738bp_PCR_prod",CTACTTGGCCATTCGCATCCAG,22
P114,dTomato,ATGCGAATGGCCAAGTAGATGGTGAGCAAGGGCGAGG,66.25,37,66.60000000000001,"Anneals to dTomato, overlaps to synthetic_temp=1.60",ATGGTGAGCAAGGGCGAGG,19
P115,synthetic_temp=1.60,GCTAACATTGACAAGCATCTACTTGGCCATTCGCATCCAG,64.55,40,72.0,"Anneals to synthetic_temp=1.60, overlaps to 738bp_PCR_prod",CTACTTGGCCATTCGCATCCAG,22
P116,Negative_control,ATGCGAATGGCCAAGTAGATGCTTGTCAATGTTAGCTTGCACAG,64.8,44,79.2,"Anneals to Negative_control, overlaps to synthetic_temp=1.60",ATGCTTGTCAATGTTAGCTTGCACAG,26
P117,PABA-UP,TGAGCAGGTCGGCTCTTACCTCTCTTACTCCCGTCCACC,64.98,39,70.2,"Anneals to PABA-UP, overlaps to 1036bp_PCR_prod",CCTCTCTTACTCCCGTCCACC,21
P118,synthetic_temp=1.80,GGACGGGAGTAAGAGAGGTAAGAGCCGACCTGCTCATGTAATC,64.87,43,77.4,"Anneals to synthetic_temp=1.80, overlaps to PABA-UP",TAAGAGCCGACCTGCTCATGTAATC,25
P119,synthetic_temp=1.80,CTCGCCCTTGCTCACCATTCTGTTGACATTTATCATTGCGAGCTACA,64.89,47,84.60000000000001,"Anneals to synthetic_temp=1.80, overlaps to 738bp_PCR_prod",TCTGTTGACATTTATCATTGCGAGCTACA,29
P120,dTomato,ATGATAAATGTCAACAGAATGGTGAGCAAGGGCGAGG,66.25,37,66.60000000000001,"Anneals to dTomato, overlaps to synthetic_temp=1.80",ATGGTGAGCAAGGGCGAGG,19
P121,synthetic_temp=1.80,GCTAACATTGACAAGCATTCTGTTGACATTTATCATTGCGAGCTACA,64.89,47,84.60000000000001,"Anneals to synthetic_temp=1.80, overlaps to 738bp_PCR_prod",TCTGTTGACATTTATCATTGCGAGCTACA,29
P122,Negative_control,ATGATAAATGTCAACAGAATGCTTGTCAATGTTAGCTTGCACAG,64.8,44,79.2,"Anneals to Negative_control, overlaps to synthetic_temp=1.80",ATGCTTGTCAATGTTAGCTTGCACAG,26
P123,PABA-UP,GACCCTCTTCTTAGTGTTCCTCTCTTACTCCCGTCCACC,64.98,39,70.2,"Anneals to PABA-UP, overlaps to 1036bp_PCR_prod",CCTCTCTTACTCCCGTCCACC,21
P124,synthetic_temp=2.50,GGACGGGAGTAAGAGAGGAACACTAAGAAGAGGGTCAACCGC,65.48,42,75.60000000000001,"Anneals to synthetic_temp=2.50, overlaps to PABA-UP",AACACTAAGAAGAGGGTCAACCGC,24
P125,synthetic_temp=2.50,CTCGCCCTTGCTCACCATGTAAGCGTGGCGCTTGCG,66.22,36,64.8,"Anneals to synthetic_temp=2.50, overlaps to 738bp_PCR_prod",GTAAGCGTGGCGCTTGCG,18
P126,dTomato,CGCAAGCGCCACGCTTACATGGTGAGCAAGGGCGAGG,66.25,37,66.60000000000001,"Anneals to dTomato, overlaps to synthetic_temp=2.50",ATGGTGAGCAAGGGCGAGG,19
P127,synthetic_temp=2.50,GCTAACATTGACAAGCATGTAAGCGTGGCGCTTGCG,66.22,36,64.8,"Anneals to synthetic_temp=2.50, overlaps to 738bp_PCR_prod",GTAAGCGTGGCGCTTGCG,18
P128,Negative_control,CGCAAGCGCCACGCTTACATGCTTGTCAATGTTAGCTTGCACAG,64.8,44,79.2,"Anneals to Negative_control, overlaps to synthetic_temp=2.50",ATGCTTGTCAATGTTAGCTTGCACAG,26
P129,PABA-UP,ATACGACTTTACAATACACCTCTCTTACTCCCGTCCACC,64.98,39,70.2,"Anneals to PABA-UP, overlaps to 1036bp_PCR_prod",CCTCTCTTACTCCCGTCCACC,21
P130,synthetic_temp=3.00,GGACGGGAGTAAGAGAGGTGTATTGTAAAGTCGTATCAGCTAGATAATACTCGATTG,65.25,57,102.60000000000001,"Anneals to synthetic_temp=3.00, overlaps to PABA-UP",TGTATTGTAAAGTCGTATCAGCTAGATAATACTCGATTG,39
P131,synthetic_temp=3.00,CTCGCCCTTGCTCACCATGACTTAAGACGGCTCTAACCGGTT,64.99,42,75.60000000000001,"Anneals to synthetic_temp=3.00, overlaps to 738bp_PCR_prod",GACTTAAGACGGCTCTAACCGGTT,24
P132,dTomato,TTAGAGCCGTCTTAAGTCATGGTGAGCAAGGGCGAGG,66.25,37,66.60000000000001,"Anneals to dTomato, overlaps to synthetic_temp=3.00",ATGGTGAGCAAGGGCGAGG,19
P133,synthetic_temp=3.00,GCTAACATTGACAAGCATGACTTAAGACGGCTCTAACCGGTT,64.99,42,75.60000000000001,"Anneals to synthetic_temp=3.00, overlaps to 738bp_PCR_prod",GACTTAAGACGGCTCTAACCGGTT,24
P134,Negative_control,TTAGAGCCGTCTTAAGTCATGCTTGTCAATGTTAGCTTGCACAG,64.8,44,79.2,"Anneals to Negative_control, overlaps to synthetic_temp=3.00",ATGCTTGTCAATGTTAGCTTGCACAG,26
P135,PABA-UP,GTGTACTTTACAGACTCCCCTCTCTTACTCCCGTCCACC,64.98,39,70.2,"Anneals to PABA-UP, overlaps to 1036bp_PCR_prod",CCTCTCTTACTCCCGTCCACC,21
P136,synthetic_temp=3.10,GGACGGGAGTAAGAGAGGGGAGTCTGTAAAGTACACCGGCT,64.78,41,73.8,"Anneals to synthetic_temp=3.10, overlaps to PABA-UP",GGAGTCTGTAAAGTACACCGGCT,23
P137,synthetic_temp=3.10,CTCGCCCTTGCTCACCATCTATATATAAAGGCTAATTCTGGTACTACGGCC,64.35,51,91.8,"Anneals to synthetic_temp=3.10, overlaps to 738bp_PCR_prod",CTATATATAAAGGCTAATTCTGGTACTACGGCC,33
P138,dTomato,ATTAGCCTTTATATATAGATGGTGAGCAAGGGCGAGG,66.25,37,66.60000000000001,"Anneals to dTomato, overlaps to synthetic_temp=3.10",ATGGTGAGCAAGGGCGAGG,19
P139,synthetic_temp=3.10,GCTAACATTGACAAGCATCTATATATAAAGGCTAATTCTGGTACTACGGCC,64.35,51,91.8,"Anneals to synthetic_temp=3.10, overlaps to 738bp_PCR_prod",CTATATATAAAGGCTAATTCTGGTACTACGGCC,33
P140,Negative_control,ATTAGCCTTTATATATAGATGCTTGTCAATGTTAGCTTGCACAG,64.8,44,79.2,"Anneals to Negative_control, overlaps to synthetic_temp=3.10",ATGCTTGTCAATGTTAGCTTGCACAG,26
P141,PABA-UP,TATATTCCGCAAATGCCCCCTCTCTTACTCCCGTCCACC,64.98,39,70.2,"Anneals to PABA-UP, overlaps to 1036bp_PCR_prod",CCTCTCTTACTCCCGTCCACC,21
P142,synthetic_temp=3.40,GGACGGGAGTAAGAGAGGGGGCATTTGCGGAATATATAGCGAAC,64.85,44,79.2,"Anneals to synthetic_temp=3.40, overlaps to PABA-UP",GGGCATTTGCGGAATATATAGCGAAC,26
P143,synthetic_temp=3.40,CTCGCCCTTGCTCACCATCAGGTTCGAATTCTAAGCGTGATTAGGT,65.17,46,82.8,"Anneals to synthetic_temp=3.40, overlaps to 738bp_PCR_prod",CAGGTTCGAATTCTAAGCGTGATTAGGT,28
P144,dTomato,GCTTAGAATTCGAACCTGATGGTGAGCAAGGGCGAGG,66.25,37,66.60000000000001,"Anneals to dTomato, overlaps to synthetic_temp=3.40",ATGGTGAGCAAGGGCGAGG,19
P145,synthetic_temp=3.40,GCTAACATTGACAAGCATCAGGTTCGAATTCTAAGCGTGATTAGGT,65.17,46,82.8,"Anneals to synthetic_temp=3.40, overlaps to 738bp_PCR_prod",CAGGTTCGAATTCTAAGCGTGATTAGGT,28
P146,Negative_control,GCTTAGAATTCGAACCTGATGCTTGTCAATGTTAGCTTGCACAG,64.8,44,79.2,"Anneals to Negative_control, overlaps to synthetic_temp=3.40",ATGCTTGTCAATGTTAGCTTGCACAG,26
P147,PABA-UP,CATAAATACTGTGGTGATCCTCTCTTACTCCCGTCCACC,64.98,39,70.2,"Anneals to PABA-UP, overlaps to 1036bp_PCR_prod",CCTCTCTTACTCCCGTCCACC,21
P148,synthetic_temp=3.50,GGACGGGAGTAAGAGAGGATCACCACAGTATTTATGCTACCGACC,64.88,45,81.0,"Anneals to synthetic_temp=3.50, overlaps to PABA-UP",ATCACCACAGTATTTATGCTACCGACC,27
P149,synthetic_temp=3.50,CTCGCCCTTGCTCACCATATGGCTTCAAGGGATACGCTCTT,64.77,41,73.8,"Anneals to synthetic_temp=3.50, overlaps to 738bp_PCR_prod",ATGGCTTCAAGGGATACGCTCTT,23
P150,dTomato,CGTATCCCTTGAAGCCATATGGTGAGCAAGGGCGAGG,66.25,37,66.60000000000001,"Anneals to dTomato, overlaps to synthetic_temp=3.50",ATGGTGAGCAAGGGCGAGG,19
P151,synthetic_temp=3.50,GCTAACATTGACAAGCATATGGCTTCAAGGGATACGCTCTT,64.77,41,73.8,"Anneals to synthetic_temp=3.50, overlaps to 738bp_PCR_prod",ATGGCTTCAAGGGATACGCTCTT,23
P152,Negative_control,CGTATCCCTTGAAGCCATATGCTTGTCAATGTTAGCTTGCACAG,64.8,44,79.2,"Anneals to Negative_control, overlaps to synthetic_temp=3.50",ATGCTTGTCAATGTTAGCTTGCACAG,26
P153,PABA-UP,TGCATACGGTTCACCGACCCTCTCTTACTCCCGTCCACC,64.98,39,70.2,"Anneals to PABA-UP, overlaps to 1036bp_PCR_prod",CCTCTCTTACTCCCGTCCACC,21
P154,synthetic_temp=3.60,GGACGGGAGTAAGAGAGGGTCGGTGAACCGTATGCAATTAAGTAGT,65.29,46,82.8,"Anneals to synthetic_temp=3.60, overlaps to PABA-UP",GTCGGTGAACCGTATGCAATTAAGTAGT,28
P155,synthetic_temp=3.60,CTCGCCCTTGCTCACCATCATCGGGCTCTTAAGGGCC,64.12,37,66.60000000000001,"Anneals to synthetic_temp=3.60, overlaps to 738bp_PCR_prod",CATCGGGCTCTTAAGGGCC,19
P156,dTomato,GCCCTTAAGAGCCCGATGATGGTGAGCAAGGGCGAGG,66.25,37,66.60000000000001,"Anneals to dTomato, overlaps to synthetic_temp=3.60",ATGGTGAGCAAGGGCGAGG,19
P157,synthetic_temp=3.60,GCTAACATTGACAAGCATCATCGGGCTCTTAAGGGCC,64.12,37,66.60000000000001,"Anneals to synthetic_temp=3.60, overlaps to 738bp_PCR_prod",CATCGGGCTCTTAAGGGCC,19
P158,Negative_control,GCCCTTAAGAGCCCGATGATGCTTGTCAATGTTAGCTTGCACAG,64.8,44,79.2,"Anneals to Negative_control, overlaps to synthetic_temp=3.60",ATGCTTGTCAATGTTAGCTTGCACAG,26
P159,PABA-UP,TAATCCACCTGTGAACATCCTCTCTTACTCCCGTCCACC,64.98,39,70.2,"Anneals to PABA-UP, overlaps to 1036bp_PCR_prod",CCTCTCTTACTCCCGTCCACC,21
P160,synthetic_temp=3.90,GGACGGGAGTAAGAGAGGATGTTCACAGGTGGATTAACTACAACCG,65.37,46,82.8,"Anneals to synthetic_temp=3.90, overlaps to PABA-UP",ATGTTCACAGGTGGATTAACTACAACCG,28
P161,synthetic_temp=3.90,CTCGCCCTTGCTCACCATCTATGGGGTTCCTCCCCACAC,65.76,39,70.2,"Anneals to synthetic_temp=3.90, overlaps to 738bp_PCR_prod",CTATGGGGTTCCTCCCCACAC,21
P162,dTomato,TGGGGAGGAACCCCATAGATGGTGAGCAAGGGCGAGG,66.25,37,66.60000000000001,"Anneals to dTomato, overlaps to synthetic_temp=3.90",ATGGTGAGCAAGGGCGAGG,19
P163,synthetic_temp=3.90,GCTAACATTGACAAGCATCTATGGGGTTCCTCCCCACAC,65.76,39,70.2,"Anneals to synthetic_temp=3.90, overlaps to 738bp_PCR_prod",CTATGGGGTTCCTCCCCACAC,21
P164,Negative_control,TGGGGAGGAACCCCATAGATGCTTGTCAATGTTAGCTTGCACAG,64.8,44,79.2,"Anneals to Negative_control, overlaps to synthetic_temp=3.90",ATGCTTGTCAATGTTAGCTTGCACAG,26
