0,1,2,3,4,5,6,7,8,9,10,11,12,13,14,15,16,Systematic_name,Variant
HR_DW,PABA-UP,PKG1,pfa1,PKG1_T,PKG1,pfa2,PKG1_T,PKG1,pfa3,PKG1_T,PKG1,PPtase_BBa_K5300011,PKG1_T,Hygromycin,PABA-DW,HR_UP,"(1, 1, 1, 1, 1, 1, 1, 1, 1, 1, 1, 1, 1, 1, 1, 1, 1)",0
HR_DW,PABA-UP,PKG1,pfa1,PKG1_T,PKG1,pfa2,PKG1_T,PKG1,pfa3,PKG1_T,PKG1,PPtase_BBa_K5300011,ADH1_T,Hygromycin,PABA-DW,HR_UP,"(1, 1, 1, 1, 1, 1, 1, 1, 1, 1, 1, 1, 1, 2, 1, 1, 1)",1
HR_DW,PABA-UP,PKG1,pfa1,PKG1_T,PKG1,pfa2,PKG1_T,PKG1,pfa3,PKG1_T,ADH1,PPtase_BBa_K5300011,PKG1_T,Hygromycin,PABA-DW,HR_UP,"(1, 1, 1, 1, 1, 1, 1, 1, 1, 1, 1, 2, 1, 1, 1, 1, 1)",2
HR_DW,PABA-UP,PKG1,pfa1,PKG1_T,PKG1,pfa2,PKG1_T,PKG1,pfa3,PKG1_T,ADH1,PPtase_BBa_K5300011,ADH1_T,Hygromycin,PABA-DW,HR_UP,"(1, 1, 1, 1, 1, 1, 1, 1, 1, 1, 1, 2, 1, 2, 1, 1, 1)",3
HR_DW,PABA-UP,PKG1,pfa1,PKG1_T,PKG1,pfa2,PKG1_T,PKG1,pfa3,ADH1_T,PKG1,PPtase_BBa_K5300011,PKG1_T,Hygromycin,PABA-DW,HR_UP,"(1, 1, 1, 1, 1, 1, 1, 1, 1, 1, 2, 1, 1, 1, 1, 1, 1)",4
HR_DW,PABA-UP,PKG1,pfa1,PKG1_T,PKG1,pfa2,PKG1_T,PKG1,pfa3,ADH1_T,PKG1,PPtase_BBa_K5300011,ADH1_T,Hygromycin,PABA-DW,HR_UP,"(1, 1, 1, 1, 1, 1, 1, 1, 1, 1, 2, 1, 1, 2, 1, 1, 1)",5
HR_DW,PABA-UP,PKG1,pfa1,PKG1_T,PKG1,pfa2,PKG1_T,PKG1,pfa3,ADH1_T,ADH1,PPtase_BBa_K5300011,PKG1_T,Hygromycin,PABA-DW,HR_UP,"(1, 1, 1, 1, 1, 1, 1, 1, 1, 1, 2, 2, 1, 1, 1, 1, 1)",6
HR_DW,PABA-UP,PKG1,pfa1,PKG1_T,PKG1,pfa2,PKG1_T,PKG1,pfa3,ADH1_T,ADH1,PPtase_BBa_K5300011,ADH1_T,Hygromycin,PABA-DW,HR_UP,"(1, 1, 1, 1, 1, 1, 1, 1, 1, 1, 2, 2, 1, 2, 1, 1, 1)",7
HR_DW,PABA-UP,PKG1,pfa1,PKG1_T,PKG1,pfa2,PKG1_T,ADH1,pfa3,PKG1_T,PKG1,PPtase_BBa_K5300011,PKG1_T,Hygromycin,PABA-DW,HR_UP,"(1, 1, 1, 1, 1, 1, 1, 1, 2, 1, 1, 1, 1, 1, 1, 1, 1)",8
HR_DW,PABA-UP,PKG1,pfa1,PKG1_T,PKG1,pfa2,PKG1_T,ADH1,pfa3,PKG1_T,PKG1,PPtase_BBa_K5300011,ADH1_T,Hygromycin,PABA-DW,HR_UP,"(1, 1, 1, 1, 1, 1, 1, 1, 2, 1, 1, 1, 1, 2, 1, 1, 1)",9
HR_DW,PABA-UP,PKG1,pfa1,PKG1_T,PKG1,pfa2,PKG1_T,ADH1,pfa3,PKG1_T,ADH1,PPtase_BBa_K5300011,PKG1_T,Hygromycin,PABA-DW,HR_UP,"(1, 1, 1, 1, 1, 1, 1, 1, 2, 1, 1, 2, 1, 1, 1, 1, 1)",10
HR_DW,PABA-UP,PKG1,pfa1,PKG1_T,PKG1,pfa2,PKG1_T,ADH1,pfa3,PKG1_T,ADH1,PPtase_BBa_K5300011,ADH1_T,Hygromycin,PABA-DW,HR_UP,"(1, 1, 1, 1, 1, 1, 1, 1, 2, 1, 1, 2, 1, 2, 1, 1, 1)",11
HR_DW,PABA-UP,PKG1,pfa1,PKG1_T,PKG1,pfa2,PKG1_T,ADH1,pfa3,ADH1_T,PKG1,PPtase_BBa_K5300011,PKG1_T,Hygromycin,PABA-DW,HR_UP,"(1, 1, 1, 1, 1, 1, 1, 1, 2, 1, 2, 1, 1, 1, 1, 1, 1)",12
HR_DW,PABA-UP,PKG1,pfa1,PKG1_T,PKG1,pfa2,PKG1_T,ADH1,pfa3,ADH1_T,PKG1,PPtase_BBa_K5300011,ADH1_T,Hygromycin,PABA-DW,HR_UP,"(1, 1, 1, 1, 1, 1, 1, 1, 2, 1, 2, 1, 1, 2, 1, 1, 1)",13
HR_DW,PABA-UP,PKG1,pfa1,PKG1_T,PKG1,pfa2,PKG1_T,ADH1,pfa3,ADH1_T,ADH1,PPtase_BBa_K5300011,PKG1_T,Hygromycin,PABA-DW,HR_UP,"(1, 1, 1, 1, 1, 1, 1, 1, 2, 1, 2, 2, 1, 1, 1, 1, 1)",14
HR_DW,PABA-UP,PKG1,pfa1,PKG1_T,PKG1,pfa2,PKG1_T,ADH1,pfa3,ADH1_T,ADH1,PPtase_BBa_K5300011,ADH1_T,Hygromycin,PABA-DW,HR_UP,"(1, 1, 1, 1, 1, 1, 1, 1, 2, 1, 2, 2, 1, 2, 1, 1, 1)",15
HR_DW,PABA-UP,PKG1,pfa1,PKG1_T,PKG1,pfa2,ADH1_T,PKG1,pfa3,PKG1_T,PKG1,PPtase_BBa_K5300011,PKG1_T,Hygromycin,PABA-DW,HR_UP,"(1, 1, 1, 1, 1, 1, 1, 2, 1, 1, 1, 1, 1, 1, 1, 1, 1)",16
HR_DW,PABA-UP,PKG1,pfa1,PKG1_T,PKG1,pfa2,ADH1_T,PKG1,pfa3,PKG1_T,PKG1,PPtase_BBa_K5300011,ADH1_T,Hygromycin,PABA-DW,HR_UP,"(1, 1, 1, 1, 1, 1, 1, 2, 1, 1, 1, 1, 1, 2, 1, 1, 1)",17
HR_DW,PABA-UP,PKG1,pfa1,PKG1_T,PKG1,pfa2,ADH1_T,PKG1,pfa3,PKG1_T,ADH1,PPtase_BBa_K5300011,PKG1_T,Hygromycin,PABA-DW,HR_UP,"(1, 1, 1, 1, 1, 1, 1, 2, 1, 1, 1, 2, 1, 1, 1, 1, 1)",18
HR_DW,PABA-UP,PKG1,pfa1,PKG1_T,PKG1,pfa2,ADH1_T,PKG1,pfa3,PKG1_T,ADH1,PPtase_BBa_K5300011,ADH1_T,Hygromycin,PABA-DW,HR_UP,"(1, 1, 1, 1, 1, 1, 1, 2, 1, 1, 1, 2, 1, 2, 1, 1, 1)",19
HR_DW,PABA-UP,PKG1,pfa1,PKG1_T,PKG1,pfa2,ADH1_T,PKG1,pfa3,ADH1_T,PKG1,PPtase_BBa_K5300011,PKG1_T,Hygromycin,PABA-DW,HR_UP,"(1, 1, 1, 1, 1, 1, 1, 2, 1, 1, 2, 1, 1, 1, 1, 1, 1)",20
HR_DW,PABA-UP,PKG1,pfa1,PKG1_T,PKG1,pfa2,ADH1_T,PKG1,pfa3,ADH1_T,PKG1,PPtase_BBa_K5300011,ADH1_T,Hygromycin,PABA-DW,HR_UP,"(1, 1, 1, 1, 1, 1, 1, 2, 1, 1, 2, 1, 1, 2, 1, 1, 1)",21
HR_DW,PABA-UP,PKG1,pfa1,PKG1_T,PKG1,pfa2,ADH1_T,PKG1,pfa3,ADH1_T,ADH1,PPtase_BBa_K5300011,PKG1_T,Hygromycin,PABA-DW,HR_UP,"(1, 1, 1, 1, 1, 1, 1, 2, 1, 1, 2, 2, 1, 1, 1, 1, 1)",22
HR_DW,PABA-UP,PKG1,pfa1,PKG1_T,PKG1,pfa2,ADH1_T,PKG1,pfa3,ADH1_T,ADH1,PPtase_BBa_K5300011,ADH1_T,Hygromycin,PABA-DW,HR_UP,"(1, 1, 1, 1, 1, 1, 1, 2, 1, 1, 2, 2, 1, 2, 1, 1, 1)",23
HR_DW,PABA-UP,PKG1,pfa1,PKG1_T,PKG1,pfa2,ADH1_T,ADH1,pfa3,PKG1_T,PKG1,PPtase_BBa_K5300011,PKG1_T,Hygromycin,PABA-DW,HR_UP,"(1, 1, 1, 1, 1, 1, 1, 2, 2, 1, 1, 1, 1, 1, 1, 1, 1)",24
HR_DW,PABA-UP,PKG1,pfa1,PKG1_T,PKG1,pfa2,ADH1_T,ADH1,pfa3,PKG1_T,PKG1,PPtase_BBa_K5300011,ADH1_T,Hygromycin,PABA-DW,HR_UP,"(1, 1, 1, 1, 1, 1, 1, 2, 2, 1, 1, 1, 1, 2, 1, 1, 1)",25
HR_DW,PABA-UP,PKG1,pfa1,PKG1_T,PKG1,pfa2,ADH1_T,ADH1,pfa3,PKG1_T,ADH1,PPtase_BBa_K5300011,PKG1_T,Hygromycin,PABA-DW,HR_UP,"(1, 1, 1, 1, 1, 1, 1, 2, 2, 1, 1, 2, 1, 1, 1, 1, 1)",26
HR_DW,PABA-UP,PKG1,pfa1,PKG1_T,PKG1,pfa2,ADH1_T,ADH1,pfa3,PKG1_T,ADH1,PPtase_BBa_K5300011,ADH1_T,Hygromycin,PABA-DW,HR_UP,"(1, 1, 1, 1, 1, 1, 1, 2, 2, 1, 1, 2, 1, 2, 1, 1, 1)",27
HR_DW,PABA-UP,PKG1,pfa1,PKG1_T,PKG1,pfa2,ADH1_T,ADH1,pfa3,ADH1_T,PKG1,PPtase_BBa_K5300011,PKG1_T,Hygromycin,PABA-DW,HR_UP,"(1, 1, 1, 1, 1, 1, 1, 2, 2, 1, 2, 1, 1, 1, 1, 1, 1)",28
HR_DW,PABA-UP,PKG1,pfa1,PKG1_T,PKG1,pfa2,ADH1_T,ADH1,pfa3,ADH1_T,PKG1,PPtase_BBa_K5300011,ADH1_T,Hygromycin,PABA-DW,HR_UP,"(1, 1, 1, 1, 1, 1, 1, 2, 2, 1, 2, 1, 1, 2, 1, 1, 1)",29
HR_DW,PABA-UP,PKG1,pfa1,PKG1_T,PKG1,pfa2,ADH1_T,ADH1,pfa3,ADH1_T,ADH1,PPtase_BBa_K5300011,PKG1_T,Hygromycin,PABA-DW,HR_UP,"(1, 1, 1, 1, 1, 1, 1, 2, 2, 1, 2, 2, 1, 1, 1, 1, 1)",30
HR_DW,PABA-UP,PKG1,pfa1,PKG1_T,PKG1,pfa2,ADH1_T,ADH1,pfa3,ADH1_T,ADH1,PPtase_BBa_K5300011,ADH1_T,Hygromycin,PABA-DW,HR_UP,"(1, 1, 1, 1, 1, 1, 1, 2, 2, 1, 2, 2, 1, 2, 1, 1, 1)",31
HR_DW,PABA-UP,PKG1,pfa1,PKG1_T,ADH1,pfa2,PKG1_T,PKG1,pfa3,PKG1_T,PKG1,PPtase_BBa_K5300011,PKG1_T,Hygromycin,PABA-DW,HR_UP,"(1, 1, 1, 1, 1, 2, 1, 1, 1, 1, 1, 1, 1, 1, 1, 1, 1)",32
HR_DW,PABA-UP,PKG1,pfa1,PKG1_T,ADH1,pfa2,PKG1_T,PKG1,pfa3,PKG1_T,PKG1,PPtase_BBa_K5300011,ADH1_T,Hygromycin,PABA-DW,HR_UP,"(1, 1, 1, 1, 1, 2, 1, 1, 1, 1, 1, 1, 1, 2, 1, 1, 1)",33
HR_DW,PABA-UP,PKG1,pfa1,PKG1_T,ADH1,pfa2,PKG1_T,PKG1,pfa3,PKG1_T,ADH1,PPtase_BBa_K5300011,PKG1_T,Hygromycin,PABA-DW,HR_UP,"(1, 1, 1, 1, 1, 2, 1, 1, 1, 1, 1, 2, 1, 1, 1, 1, 1)",34
HR_DW,PABA-UP,PKG1,pfa1,PKG1_T,ADH1,pfa2,PKG1_T,PKG1,pfa3,PKG1_T,ADH1,PPtase_BBa_K5300011,ADH1_T,Hygromycin,PABA-DW,HR_UP,"(1, 1, 1, 1, 1, 2, 1, 1, 1, 1, 1, 2, 1, 2, 1, 1, 1)",35
HR_DW,PABA-UP,PKG1,pfa1,PKG1_T,ADH1,pfa2,PKG1_T,PKG1,pfa3,ADH1_T,PKG1,PPtase_BBa_K5300011,PKG1_T,Hygromycin,PABA-DW,HR_UP,"(1, 1, 1, 1, 1, 2, 1, 1, 1, 1, 2, 1, 1, 1, 1, 1, 1)",36
HR_DW,PABA-UP,PKG1,pfa1,PKG1_T,ADH1,pfa2,PKG1_T,PKG1,pfa3,ADH1_T,PKG1,PPtase_BBa_K5300011,ADH1_T,Hygromycin,PABA-DW,HR_UP,"(1, 1, 1, 1, 1, 2, 1, 1, 1, 1, 2, 1, 1, 2, 1, 1, 1)",37
HR_DW,PABA-UP,PKG1,pfa1,PKG1_T,ADH1,pfa2,PKG1_T,PKG1,pfa3,ADH1_T,ADH1,PPtase_BBa_K5300011,PKG1_T,Hygromycin,PABA-DW,HR_UP,"(1, 1, 1, 1, 1, 2, 1, 1, 1, 1, 2, 2, 1, 1, 1, 1, 1)",38
HR_DW,PABA-UP,PKG1,pfa1,PKG1_T,ADH1,pfa2,PKG1_T,PKG1,pfa3,ADH1_T,ADH1,PPtase_BBa_K5300011,ADH1_T,Hygromycin,PABA-DW,HR_UP,"(1, 1, 1, 1, 1, 2, 1, 1, 1, 1, 2, 2, 1, 2, 1, 1, 1)",39
HR_DW,PABA-UP,PKG1,pfa1,PKG1_T,ADH1,pfa2,PKG1_T,ADH1,pfa3,PKG1_T,PKG1,PPtase_BBa_K5300011,PKG1_T,Hygromycin,PABA-DW,HR_UP,"(1, 1, 1, 1, 1, 2, 1, 1, 2, 1, 1, 1, 1, 1, 1, 1, 1)",40
HR_DW,PABA-UP,PKG1,pfa1,PKG1_T,ADH1,pfa2,PKG1_T,ADH1,pfa3,PKG1_T,PKG1,PPtase_BBa_K5300011,ADH1_T,Hygromycin,PABA-DW,HR_UP,"(1, 1, 1, 1, 1, 2, 1, 1, 2, 1, 1, 1, 1, 2, 1, 1, 1)",41
HR_DW,PABA-UP,PKG1,pfa1,PKG1_T,ADH1,pfa2,PKG1_T,ADH1,pfa3,PKG1_T,ADH1,PPtase_BBa_K5300011,PKG1_T,Hygromycin,PABA-DW,HR_UP,"(1, 1, 1, 1, 1, 2, 1, 1, 2, 1, 1, 2, 1, 1, 1, 1, 1)",42
HR_DW,PABA-UP,PKG1,pfa1,PKG1_T,ADH1,pfa2,PKG1_T,ADH1,pfa3,PKG1_T,ADH1,PPtase_BBa_K5300011,ADH1_T,Hygromycin,PABA-DW,HR_UP,"(1, 1, 1, 1, 1, 2, 1, 1, 2, 1, 1, 2, 1, 2, 1, 1, 1)",43
HR_DW,PABA-UP,PKG1,pfa1,PKG1_T,ADH1,pfa2,PKG1_T,ADH1,pfa3,ADH1_T,PKG1,PPtase_BBa_K5300011,PKG1_T,Hygromycin,PABA-DW,HR_UP,"(1, 1, 1, 1, 1, 2, 1, 1, 2, 1, 2, 1, 1, 1, 1, 1, 1)",44
HR_DW,PABA-UP,PKG1,pfa1,PKG1_T,ADH1,pfa2,PKG1_T,ADH1,pfa3,ADH1_T,PKG1,PPtase_BBa_K5300011,ADH1_T,Hygromycin,PABA-DW,HR_UP,"(1, 1, 1, 1, 1, 2, 1, 1, 2, 1, 2, 1, 1, 2, 1, 1, 1)",45
HR_DW,PABA-UP,PKG1,pfa1,PKG1_T,ADH1,pfa2,PKG1_T,ADH1,pfa3,ADH1_T,ADH1,PPtase_BBa_K5300011,PKG1_T,Hygromycin,PABA-DW,HR_UP,"(1, 1, 1, 1, 1, 2, 1, 1, 2, 1, 2, 2, 1, 1, 1, 1, 1)",46
HR_DW,PABA-UP,PKG1,pfa1,PKG1_T,ADH1,pfa2,PKG1_T,ADH1,pfa3,ADH1_T,ADH1,PPtase_BBa_K5300011,ADH1_T,Hygromycin,PABA-DW,HR_UP,"(1, 1, 1, 1, 1, 2, 1, 1, 2, 1, 2, 2, 1, 2, 1, 1, 1)",47
HR_DW,PABA-UP,PKG1,pfa1,PKG1_T,ADH1,pfa2,ADH1_T,PKG1,pfa3,PKG1_T,PKG1,PPtase_BBa_K5300011,PKG1_T,Hygromycin,PABA-DW,HR_UP,"(1, 1, 1, 1, 1, 2, 1, 2, 1, 1, 1, 1, 1, 1, 1, 1, 1)",48
HR_DW,PABA-UP,PKG1,pfa1,PKG1_T,ADH1,pfa2,ADH1_T,PKG1,pfa3,PKG1_T,PKG1,PPtase_BBa_K5300011,ADH1_T,Hygromycin,PABA-DW,HR_UP,"(1, 1, 1, 1, 1, 2, 1, 2, 1, 1, 1, 1, 1, 2, 1, 1, 1)",49
HR_DW,PABA-UP,PKG1,pfa1,PKG1_T,ADH1,pfa2,ADH1_T,PKG1,pfa3,PKG1_T,ADH1,PPtase_BBa_K5300011,PKG1_T,Hygromycin,PABA-DW,HR_UP,"(1, 1, 1, 1, 1, 2, 1, 2, 1, 1, 1, 2, 1, 1, 1, 1, 1)",50
HR_DW,PABA-UP,PKG1,pfa1,PKG1_T,ADH1,pfa2,ADH1_T,PKG1,pfa3,PKG1_T,ADH1,PPtase_BBa_K5300011,ADH1_T,Hygromycin,PABA-DW,HR_UP,"(1, 1, 1, 1, 1, 2, 1, 2, 1, 1, 1, 2, 1, 2, 1, 1, 1)",51
HR_DW,PABA-UP,PKG1,pfa1,PKG1_T,ADH1,pfa2,ADH1_T,PKG1,pfa3,ADH1_T,PKG1,PPtase_BBa_K5300011,PKG1_T,Hygromycin,PABA-DW,HR_UP,"(1, 1, 1, 1, 1, 2, 1, 2, 1, 1, 2, 1, 1, 1, 1, 1, 1)",52
HR_DW,PABA-UP,PKG1,pfa1,PKG1_T,ADH1,pfa2,ADH1_T,PKG1,pfa3,ADH1_T,PKG1,PPtase_BBa_K5300011,ADH1_T,Hygromycin,PABA-DW,HR_UP,"(1, 1, 1, 1, 1, 2, 1, 2, 1, 1, 2, 1, 1, 2, 1, 1, 1)",53
HR_DW,PABA-UP,PKG1,pfa1,PKG1_T,ADH1,pfa2,ADH1_T,PKG1,pfa3,ADH1_T,ADH1,PPtase_BBa_K5300011,PKG1_T,Hygromycin,PABA-DW,HR_UP,"(1, 1, 1, 1, 1, 2, 1, 2, 1, 1, 2, 2, 1, 1, 1, 1, 1)",54
HR_DW,PABA-UP,PKG1,pfa1,PKG1_T,ADH1,pfa2,ADH1_T,PKG1,pfa3,ADH1_T,ADH1,PPtase_BBa_K5300011,ADH1_T,Hygromycin,PABA-DW,HR_UP,"(1, 1, 1, 1, 1, 2, 1, 2, 1, 1, 2, 2, 1, 2, 1, 1, 1)",55
HR_DW,PABA-UP,PKG1,pfa1,PKG1_T,ADH1,pfa2,ADH1_T,ADH1,pfa3,PKG1_T,PKG1,PPtase_BBa_K5300011,PKG1_T,Hygromycin,PABA-DW,HR_UP,"(1, 1, 1, 1, 1, 2, 1, 2, 2, 1, 1, 1, 1, 1, 1, 1, 1)",56
HR_DW,PABA-UP,PKG1,pfa1,PKG1_T,ADH1,pfa2,ADH1_T,ADH1,pfa3,PKG1_T,PKG1,PPtase_BBa_K5300011,ADH1_T,Hygromycin,PABA-DW,HR_UP,"(1, 1, 1, 1, 1, 2, 1, 2, 2, 1, 1, 1, 1, 2, 1, 1, 1)",57
HR_DW,PABA-UP,PKG1,pfa1,PKG1_T,ADH1,pfa2,ADH1_T,ADH1,pfa3,PKG1_T,ADH1,PPtase_BBa_K5300011,PKG1_T,Hygromycin,PABA-DW,HR_UP,"(1, 1, 1, 1, 1, 2, 1, 2, 2, 1, 1, 2, 1, 1, 1, 1, 1)",58
HR_DW,PABA-UP,PKG1,pfa1,PKG1_T,ADH1,pfa2,ADH1_T,ADH1,pfa3,PKG1_T,ADH1,PPtase_BBa_K5300011,ADH1_T,Hygromycin,PABA-DW,HR_UP,"(1, 1, 1, 1, 1, 2, 1, 2, 2, 1, 1, 2, 1, 2, 1, 1, 1)",59
HR_DW,PABA-UP,PKG1,pfa1,PKG1_T,ADH1,pfa2,ADH1_T,ADH1,pfa3,ADH1_T,PKG1,PPtase_BBa_K5300011,PKG1_T,Hygromycin,PABA-DW,HR_UP,"(1, 1, 1, 1, 1, 2, 1, 2, 2, 1, 2, 1, 1, 1, 1, 1, 1)",60
HR_DW,PABA-UP,PKG1,pfa1,PKG1_T,ADH1,pfa2,ADH1_T,ADH1,pfa3,ADH1_T,PKG1,PPtase_BBa_K5300011,ADH1_T,Hygromycin,PABA-DW,HR_UP,"(1, 1, 1, 1, 1, 2, 1, 2, 2, 1, 2, 1, 1, 2, 1, 1, 1)",61
HR_DW,PABA-UP,PKG1,pfa1,PKG1_T,ADH1,pfa2,ADH1_T,ADH1,pfa3,ADH1_T,ADH1,PPtase_BBa_K5300011,PKG1_T,Hygromycin,PABA-DW,HR_UP,"(1, 1, 1, 1, 1, 2, 1, 2, 2, 1, 2, 2, 1, 1, 1, 1, 1)",62
HR_DW,PABA-UP,PKG1,pfa1,PKG1_T,ADH1,pfa2,ADH1_T,ADH1,pfa3,ADH1_T,ADH1,PPtase_BBa_K5300011,ADH1_T,Hygromycin,PABA-DW,HR_UP,"(1, 1, 1, 1, 1, 2, 1, 2, 2, 1, 2, 2, 1, 2, 1, 1, 1)",63
HR_DW,PABA-UP,PKG1,pfa1,ADH1_T,PKG1,pfa2,PKG1_T,PKG1,pfa3,PKG1_T,PKG1,PPtase_BBa_K5300011,PKG1_T,Hygromycin,PABA-DW,HR_UP,"(1, 1, 1, 1, 2, 1, 1, 1, 1, 1, 1, 1, 1, 1, 1, 1, 1)",64
HR_DW,PABA-UP,PKG1,pfa1,ADH1_T,PKG1,pfa2,PKG1_T,PKG1,pfa3,PKG1_T,PKG1,PPtase_BBa_K5300011,ADH1_T,Hygromycin,PABA-DW,HR_UP,"(1, 1, 1, 1, 2, 1, 1, 1, 1, 1, 1, 1, 1, 2, 1, 1, 1)",65
HR_DW,PABA-UP,PKG1,pfa1,ADH1_T,PKG1,pfa2,PKG1_T,PKG1,pfa3,PKG1_T,ADH1,PPtase_BBa_K5300011,PKG1_T,Hygromycin,PABA-DW,HR_UP,"(1, 1, 1, 1, 2, 1, 1, 1, 1, 1, 1, 2, 1, 1, 1, 1, 1)",66
HR_DW,PABA-UP,PKG1,pfa1,ADH1_T,PKG1,pfa2,PKG1_T,PKG1,pfa3,PKG1_T,ADH1,PPtase_BBa_K5300011,ADH1_T,Hygromycin,PABA-DW,HR_UP,"(1, 1, 1, 1, 2, 1, 1, 1, 1, 1, 1, 2, 1, 2, 1, 1, 1)",67
HR_DW,PABA-UP,PKG1,pfa1,ADH1_T,PKG1,pfa2,PKG1_T,PKG1,pfa3,ADH1_T,PKG1,PPtase_BBa_K5300011,PKG1_T,Hygromycin,PABA-DW,HR_UP,"(1, 1, 1, 1, 2, 1, 1, 1, 1, 1, 2, 1, 1, 1, 1, 1, 1)",68
HR_DW,PABA-UP,PKG1,pfa1,ADH1_T,PKG1,pfa2,PKG1_T,PKG1,pfa3,ADH1_T,PKG1,PPtase_BBa_K5300011,ADH1_T,Hygromycin,PABA-DW,HR_UP,"(1, 1, 1, 1, 2, 1, 1, 1, 1, 1, 2, 1, 1, 2, 1, 1, 1)",69
HR_DW,PABA-UP,PKG1,pfa1,ADH1_T,PKG1,pfa2,PKG1_T,PKG1,pfa3,ADH1_T,ADH1,PPtase_BBa_K5300011,PKG1_T,Hygromycin,PABA-DW,HR_UP,"(1, 1, 1, 1, 2, 1, 1, 1, 1, 1, 2, 2, 1, 1, 1, 1, 1)",70
HR_DW,PABA-UP,PKG1,pfa1,ADH1_T,PKG1,pfa2,PKG1_T,PKG1,pfa3,ADH1_T,ADH1,PPtase_BBa_K5300011,ADH1_T,Hygromycin,PABA-DW,HR_UP,"(1, 1, 1, 1, 2, 1, 1, 1, 1, 1, 2, 2, 1, 2, 1, 1, 1)",71
HR_DW,PABA-UP,PKG1,pfa1,ADH1_T,PKG1,pfa2,PKG1_T,ADH1,pfa3,PKG1_T,PKG1,PPtase_BBa_K5300011,PKG1_T,Hygromycin,PABA-DW,HR_UP,"(1, 1, 1, 1, 2, 1, 1, 1, 2, 1, 1, 1, 1, 1, 1, 1, 1)",72
HR_DW,PABA-UP,PKG1,pfa1,ADH1_T,PKG1,pfa2,PKG1_T,ADH1,pfa3,PKG1_T,PKG1,PPtase_BBa_K5300011,ADH1_T,Hygromycin,PABA-DW,HR_UP,"(1, 1, 1, 1, 2, 1, 1, 1, 2, 1, 1, 1, 1, 2, 1, 1, 1)",73
HR_DW,PABA-UP,PKG1,pfa1,ADH1_T,PKG1,pfa2,PKG1_T,ADH1,pfa3,PKG1_T,ADH1,PPtase_BBa_K5300011,PKG1_T,Hygromycin,PABA-DW,HR_UP,"(1, 1, 1, 1, 2, 1, 1, 1, 2, 1, 1, 2, 1, 1, 1, 1, 1)",74
HR_DW,PABA-UP,PKG1,pfa1,ADH1_T,PKG1,pfa2,PKG1_T,ADH1,pfa3,PKG1_T,ADH1,PPtase_BBa_K5300011,ADH1_T,Hygromycin,PABA-DW,HR_UP,"(1, 1, 1, 1, 2, 1, 1, 1, 2, 1, 1, 2, 1, 2, 1, 1, 1)",75
HR_DW,PABA-UP,PKG1,pfa1,ADH1_T,PKG1,pfa2,PKG1_T,ADH1,pfa3,ADH1_T,PKG1,PPtase_BBa_K5300011,PKG1_T,Hygromycin,PABA-DW,HR_UP,"(1, 1, 1, 1, 2, 1, 1, 1, 2, 1, 2, 1, 1, 1, 1, 1, 1)",76
HR_DW,PABA-UP,PKG1,pfa1,ADH1_T,PKG1,pfa2,PKG1_T,ADH1,pfa3,ADH1_T,PKG1,PPtase_BBa_K5300011,ADH1_T,Hygromycin,PABA-DW,HR_UP,"(1, 1, 1, 1, 2, 1, 1, 1, 2, 1, 2, 1, 1, 2, 1, 1, 1)",77
HR_DW,PABA-UP,PKG1,pfa1,ADH1_T,PKG1,pfa2,PKG1_T,ADH1,pfa3,ADH1_T,ADH1,PPtase_BBa_K5300011,PKG1_T,Hygromycin,PABA-DW,HR_UP,"(1, 1, 1, 1, 2, 1, 1, 1, 2, 1, 2, 2, 1, 1, 1, 1, 1)",78
HR_DW,PABA-UP,PKG1,pfa1,ADH1_T,PKG1,pfa2,PKG1_T,ADH1,pfa3,ADH1_T,ADH1,PPtase_BBa_K5300011,ADH1_T,Hygromycin,PABA-DW,HR_UP,"(1, 1, 1, 1, 2, 1, 1, 1, 2, 1, 2, 2, 1, 2, 1, 1, 1)",79
HR_DW,PABA-UP,PKG1,pfa1,ADH1_T,PKG1,pfa2,ADH1_T,PKG1,pfa3,PKG1_T,PKG1,PPtase_BBa_K5300011,PKG1_T,Hygromycin,PABA-DW,HR_UP,"(1, 1, 1, 1, 2, 1, 1, 2, 1, 1, 1, 1, 1, 1, 1, 1, 1)",80
HR_DW,PABA-UP,PKG1,pfa1,ADH1_T,PKG1,pfa2,ADH1_T,PKG1,pfa3,PKG1_T,PKG1,PPtase_BBa_K5300011,ADH1_T,Hygromycin,PABA-DW,HR_UP,"(1, 1, 1, 1, 2, 1, 1, 2, 1, 1, 1, 1, 1, 2, 1, 1, 1)",81
HR_DW,PABA-UP,PKG1,pfa1,ADH1_T,PKG1,pfa2,ADH1_T,PKG1,pfa3,PKG1_T,ADH1,PPtase_BBa_K5300011,PKG1_T,Hygromycin,PABA-DW,HR_UP,"(1, 1, 1, 1, 2, 1, 1, 2, 1, 1, 1, 2, 1, 1, 1, 1, 1)",82
HR_DW,PABA-UP,PKG1,pfa1,ADH1_T,PKG1,pfa2,ADH1_T,PKG1,pfa3,PKG1_T,ADH1,PPtase_BBa_K5300011,ADH1_T,Hygromycin,PABA-DW,HR_UP,"(1, 1, 1, 1, 2, 1, 1, 2, 1, 1, 1, 2, 1, 2, 1, 1, 1)",83
HR_DW,PABA-UP,PKG1,pfa1,ADH1_T,PKG1,pfa2,ADH1_T,PKG1,pfa3,ADH1_T,PKG1,PPtase_BBa_K5300011,PKG1_T,Hygromycin,PABA-DW,HR_UP,"(1, 1, 1, 1, 2, 1, 1, 2, 1, 1, 2, 1, 1, 1, 1, 1, 1)",84
HR_DW,PABA-UP,PKG1,pfa1,ADH1_T,PKG1,pfa2,ADH1_T,PKG1,pfa3,ADH1_T,PKG1,PPtase_BBa_K5300011,ADH1_T,Hygromycin,PABA-DW,HR_UP,"(1, 1, 1, 1, 2, 1, 1, 2, 1, 1, 2, 1, 1, 2, 1, 1, 1)",85
HR_DW,PABA-UP,PKG1,pfa1,ADH1_T,PKG1,pfa2,ADH1_T,PKG1,pfa3,ADH1_T,ADH1,PPtase_BBa_K5300011,PKG1_T,Hygromycin,PABA-DW,HR_UP,"(1, 1, 1, 1, 2, 1, 1, 2, 1, 1, 2, 2, 1, 1, 1, 1, 1)",86
HR_DW,PABA-UP,PKG1,pfa1,ADH1_T,PKG1,pfa2,ADH1_T,PKG1,pfa3,ADH1_T,ADH1,PPtase_BBa_K5300011,ADH1_T,Hygromycin,PABA-DW,HR_UP,"(1, 1, 1, 1, 2, 1, 1, 2, 1, 1, 2, 2, 1, 2, 1, 1, 1)",87
HR_DW,PABA-UP,PKG1,pfa1,ADH1_T,PKG1,pfa2,ADH1_T,ADH1,pfa3,PKG1_T,PKG1,PPtase_BBa_K5300011,PKG1_T,Hygromycin,PABA-DW,HR_UP,"(1, 1, 1, 1, 2, 1, 1, 2, 2, 1, 1, 1, 1, 1, 1, 1, 1)",88
HR_DW,PABA-UP,PKG1,pfa1,ADH1_T,PKG1,pfa2,ADH1_T,ADH1,pfa3,PKG1_T,PKG1,PPtase_BBa_K5300011,ADH1_T,Hygromycin,PABA-DW,HR_UP,"(1, 1, 1, 1, 2, 1, 1, 2, 2, 1, 1, 1, 1, 2, 1, 1, 1)",89
HR_DW,PABA-UP,PKG1,pfa1,ADH1_T,PKG1,pfa2,ADH1_T,ADH1,pfa3,PKG1_T,ADH1,PPtase_BBa_K5300011,PKG1_T,Hygromycin,PABA-DW,HR_UP,"(1, 1, 1, 1, 2, 1, 1, 2, 2, 1, 1, 2, 1, 1, 1, 1, 1)",90
HR_DW,PABA-UP,PKG1,pfa1,ADH1_T,PKG1,pfa2,ADH1_T,ADH1,pfa3,PKG1_T,ADH1,PPtase_BBa_K5300011,ADH1_T,Hygromycin,PABA-DW,HR_UP,"(1, 1, 1, 1, 2, 1, 1, 2, 2, 1, 1, 2, 1, 2, 1, 1, 1)",91
HR_DW,PABA-UP,PKG1,pfa1,ADH1_T,PKG1,pfa2,ADH1_T,ADH1,pfa3,ADH1_T,PKG1,PPtase_BBa_K5300011,PKG1_T,Hygromycin,PABA-DW,HR_UP,"(1, 1, 1, 1, 2, 1, 1, 2, 2, 1, 2, 1, 1, 1, 1, 1, 1)",92
HR_DW,PABA-UP,PKG1,pfa1,ADH1_T,PKG1,pfa2,ADH1_T,ADH1,pfa3,ADH1_T,PKG1,PPtase_BBa_K5300011,ADH1_T,Hygromycin,PABA-DW,HR_UP,"(1, 1, 1, 1, 2, 1, 1, 2, 2, 1, 2, 1, 1, 2, 1, 1, 1)",93
HR_DW,PABA-UP,PKG1,pfa1,ADH1_T,PKG1,pfa2,ADH1_T,ADH1,pfa3,ADH1_T,ADH1,PPtase_BBa_K5300011,PKG1_T,Hygromycin,PABA-DW,HR_UP,"(1, 1, 1, 1, 2, 1, 1, 2, 2, 1, 2, 2, 1, 1, 1, 1, 1)",94
HR_DW,PABA-UP,PKG1,pfa1,ADH1_T,PKG1,pfa2,ADH1_T,ADH1,pfa3,ADH1_T,ADH1,PPtase_BBa_K5300011,ADH1_T,Hygromycin,PABA-DW,HR_UP,"(1, 1, 1, 1, 2, 1, 1, 2, 2, 1, 2, 2, 1, 2, 1, 1, 1)",95
HR_DW,PABA-UP,PKG1,pfa1,ADH1_T,ADH1,pfa2,PKG1_T,PKG1,pfa3,PKG1_T,PKG1,PPtase_BBa_K5300011,PKG1_T,Hygromycin,PABA-DW,HR_UP,"(1, 1, 1, 1, 2, 2, 1, 1, 1, 1, 1, 1, 1, 1, 1, 1, 1)",96
HR_DW,PABA-UP,PKG1,pfa1,ADH1_T,ADH1,pfa2,PKG1_T,PKG1,pfa3,PKG1_T,PKG1,PPtase_BBa_K5300011,ADH1_T,Hygromycin,PABA-DW,HR_UP,"(1, 1, 1, 1, 2, 2, 1, 1, 1, 1, 1, 1, 1, 2, 1, 1, 1)",97
HR_DW,PABA-UP,PKG1,pfa1,ADH1_T,ADH1,pfa2,PKG1_T,PKG1,pfa3,PKG1_T,ADH1,PPtase_BBa_K5300011,PKG1_T,Hygromycin,PABA-DW,HR_UP,"(1, 1, 1, 1, 2, 2, 1, 1, 1, 1, 1, 2, 1, 1, 1, 1, 1)",98
HR_DW,PABA-UP,PKG1,pfa1,ADH1_T,ADH1,pfa2,PKG1_T,PKG1,pfa3,PKG1_T,ADH1,PPtase_BBa_K5300011,ADH1_T,Hygromycin,PABA-DW,HR_UP,"(1, 1, 1, 1, 2, 2, 1, 1, 1, 1, 1, 2, 1, 2, 1, 1, 1)",99
HR_DW,PABA-UP,PKG1,pfa1,ADH1_T,ADH1,pfa2,PKG1_T,PKG1,pfa3,ADH1_T,PKG1,PPtase_BBa_K5300011,PKG1_T,Hygromycin,PABA-DW,HR_UP,"(1, 1, 1, 1, 2, 2, 1, 1, 1, 1, 2, 1, 1, 1, 1, 1, 1)",100
HR_DW,PABA-UP,PKG1,pfa1,ADH1_T,ADH1,pfa2,PKG1_T,PKG1,pfa3,ADH1_T,PKG1,PPtase_BBa_K5300011,ADH1_T,Hygromycin,PABA-DW,HR_UP,"(1, 1, 1, 1, 2, 2, 1, 1, 1, 1, 2, 1, 1, 2, 1, 1, 1)",101
HR_DW,PABA-UP,PKG1,pfa1,ADH1_T,ADH1,pfa2,PKG1_T,PKG1,pfa3,ADH1_T,ADH1,PPtase_BBa_K5300011,PKG1_T,Hygromycin,PABA-DW,HR_UP,"(1, 1, 1, 1, 2, 2, 1, 1, 1, 1, 2, 2, 1, 1, 1, 1, 1)",102
HR_DW,PABA-UP,PKG1,pfa1,ADH1_T,ADH1,pfa2,PKG1_T,PKG1,pfa3,ADH1_T,ADH1,PPtase_BBa_K5300011,ADH1_T,Hygromycin,PABA-DW,HR_UP,"(1, 1, 1, 1, 2, 2, 1, 1, 1, 1, 2, 2, 1, 2, 1, 1, 1)",103
HR_DW,PABA-UP,PKG1,pfa1,ADH1_T,ADH1,pfa2,PKG1_T,ADH1,pfa3,PKG1_T,PKG1,PPtase_BBa_K5300011,PKG1_T,Hygromycin,PABA-DW,HR_UP,"(1, 1, 1, 1, 2, 2, 1, 1, 2, 1, 1, 1, 1, 1, 1, 1, 1)",104
HR_DW,PABA-UP,PKG1,pfa1,ADH1_T,ADH1,pfa2,PKG1_T,ADH1,pfa3,PKG1_T,PKG1,PPtase_BBa_K5300011,ADH1_T,Hygromycin,PABA-DW,HR_UP,"(1, 1, 1, 1, 2, 2, 1, 1, 2, 1, 1, 1, 1, 2, 1, 1, 1)",105
HR_DW,PABA-UP,PKG1,pfa1,ADH1_T,ADH1,pfa2,PKG1_T,ADH1,pfa3,PKG1_T,ADH1,PPtase_BBa_K5300011,PKG1_T,Hygromycin,PABA-DW,HR_UP,"(1, 1, 1, 1, 2, 2, 1, 1, 2, 1, 1, 2, 1, 1, 1, 1, 1)",106
HR_DW,PABA-UP,PKG1,pfa1,ADH1_T,ADH1,pfa2,PKG1_T,ADH1,pfa3,PKG1_T,ADH1,PPtase_BBa_K5300011,ADH1_T,Hygromycin,PABA-DW,HR_UP,"(1, 1, 1, 1, 2, 2, 1, 1, 2, 1, 1, 2, 1, 2, 1, 1, 1)",107
HR_DW,PABA-UP,PKG1,pfa1,ADH1_T,ADH1,pfa2,PKG1_T,ADH1,pfa3,ADH1_T,PKG1,PPtase_BBa_K5300011,PKG1_T,Hygromycin,PABA-DW,HR_UP,"(1, 1, 1, 1, 2, 2, 1, 1, 2, 1, 2, 1, 1, 1, 1, 1, 1)",108
HR_DW,PABA-UP,PKG1,pfa1,ADH1_T,ADH1,pfa2,PKG1_T,ADH1,pfa3,ADH1_T,PKG1,PPtase_BBa_K5300011,ADH1_T,Hygromycin,PABA-DW,HR_UP,"(1, 1, 1, 1, 2, 2, 1, 1, 2, 1, 2, 1, 1, 2, 1, 1, 1)",109
HR_DW,PABA-UP,PKG1,pfa1,ADH1_T,ADH1,pfa2,PKG1_T,ADH1,pfa3,ADH1_T,ADH1,PPtase_BBa_K5300011,PKG1_T,Hygromycin,PABA-DW,HR_UP,"(1, 1, 1, 1, 2, 2, 1, 1, 2, 1, 2, 2, 1, 1, 1, 1, 1)",110
HR_DW,PABA-UP,PKG1,pfa1,ADH1_T,ADH1,pfa2,PKG1_T,ADH1,pfa3,ADH1_T,ADH1,PPtase_BBa_K5300011,ADH1_T,Hygromycin,PABA-DW,HR_UP,"(1, 1, 1, 1, 2, 2, 1, 1, 2, 1, 2, 2, 1, 2, 1, 1, 1)",111
HR_DW,PABA-UP,PKG1,pfa1,ADH1_T,ADH1,pfa2,ADH1_T,PKG1,pfa3,PKG1_T,PKG1,PPtase_BBa_K5300011,PKG1_T,Hygromycin,PABA-DW,HR_UP,"(1, 1, 1, 1, 2, 2, 1, 2, 1, 1, 1, 1, 1, 1, 1, 1, 1)",112
HR_DW,PABA-UP,PKG1,pfa1,ADH1_T,ADH1,pfa2,ADH1_T,PKG1,pfa3,PKG1_T,PKG1,PPtase_BBa_K5300011,ADH1_T,Hygromycin,PABA-DW,HR_UP,"(1, 1, 1, 1, 2, 2, 1, 2, 1, 1, 1, 1, 1, 2, 1, 1, 1)",113
HR_DW,PABA-UP,PKG1,pfa1,ADH1_T,ADH1,pfa2,ADH1_T,PKG1,pfa3,PKG1_T,ADH1,PPtase_BBa_K5300011,PKG1_T,Hygromycin,PABA-DW,HR_UP,"(1, 1, 1, 1, 2, 2, 1, 2, 1, 1, 1, 2, 1, 1, 1, 1, 1)",114
HR_DW,PABA-UP,PKG1,pfa1,ADH1_T,ADH1,pfa2,ADH1_T,PKG1,pfa3,PKG1_T,ADH1,PPtase_BBa_K5300011,ADH1_T,Hygromycin,PABA-DW,HR_UP,"(1, 1, 1, 1, 2, 2, 1, 2, 1, 1, 1, 2, 1, 2, 1, 1, 1)",115
HR_DW,PABA-UP,PKG1,pfa1,ADH1_T,ADH1,pfa2,ADH1_T,PKG1,pfa3,ADH1_T,PKG1,PPtase_BBa_K5300011,PKG1_T,Hygromycin,PABA-DW,HR_UP,"(1, 1, 1, 1, 2, 2, 1, 2, 1, 1, 2, 1, 1, 1, 1, 1, 1)",116
HR_DW,PABA-UP,PKG1,pfa1,ADH1_T,ADH1,pfa2,ADH1_T,PKG1,pfa3,ADH1_T,PKG1,PPtase_BBa_K5300011,ADH1_T,Hygromycin,PABA-DW,HR_UP,"(1, 1, 1, 1, 2, 2, 1, 2, 1, 1, 2, 1, 1, 2, 1, 1, 1)",117
HR_DW,PABA-UP,PKG1,pfa1,ADH1_T,ADH1,pfa2,ADH1_T,PKG1,pfa3,ADH1_T,ADH1,PPtase_BBa_K5300011,PKG1_T,Hygromycin,PABA-DW,HR_UP,"(1, 1, 1, 1, 2, 2, 1, 2, 1, 1, 2, 2, 1, 1, 1, 1, 1)",118
HR_DW,PABA-UP,PKG1,pfa1,ADH1_T,ADH1,pfa2,ADH1_T,PKG1,pfa3,ADH1_T,ADH1,PPtase_BBa_K5300011,ADH1_T,Hygromycin,PABA-DW,HR_UP,"(1, 1, 1, 1, 2, 2, 1, 2, 1, 1, 2, 2, 1, 2, 1, 1, 1)",119
HR_DW,PABA-UP,PKG1,pfa1,ADH1_T,ADH1,pfa2,ADH1_T,ADH1,pfa3,PKG1_T,PKG1,PPtase_BBa_K5300011,PKG1_T,Hygromycin,PABA-DW,HR_UP,"(1, 1, 1, 1, 2, 2, 1, 2, 2, 1, 1, 1, 1, 1, 1, 1, 1)",120
HR_DW,PABA-UP,PKG1,pfa1,ADH1_T,ADH1,pfa2,ADH1_T,ADH1,pfa3,PKG1_T,PKG1,PPtase_BBa_K5300011,ADH1_T,Hygromycin,PABA-DW,HR_UP,"(1, 1, 1, 1, 2, 2, 1, 2, 2, 1, 1, 1, 1, 2, 1, 1, 1)",121
HR_DW,PABA-UP,PKG1,pfa1,ADH1_T,ADH1,pfa2,ADH1_T,ADH1,pfa3,PKG1_T,ADH1,PPtase_BBa_K5300011,PKG1_T,Hygromycin,PABA-DW,HR_UP,"(1, 1, 1, 1, 2, 2, 1, 2, 2, 1, 1, 2, 1, 1, 1, 1, 1)",122
HR_DW,PABA-UP,PKG1,pfa1,ADH1_T,ADH1,pfa2,ADH1_T,ADH1,pfa3,PKG1_T,ADH1,PPtase_BBa_K5300011,ADH1_T,Hygromycin,PABA-DW,HR_UP,"(1, 1, 1, 1, 2, 2, 1, 2, 2, 1, 1, 2, 1, 2, 1, 1, 1)",123
HR_DW,PABA-UP,PKG1,pfa1,ADH1_T,ADH1,pfa2,ADH1_T,ADH1,pfa3,ADH1_T,PKG1,PPtase_BBa_K5300011,PKG1_T,Hygromycin,PABA-DW,HR_UP,"(1, 1, 1, 1, 2, 2, 1, 2, 2, 1, 2, 1, 1, 1, 1, 1, 1)",124
HR_DW,PABA-UP,PKG1,pfa1,ADH1_T,ADH1,pfa2,ADH1_T,ADH1,pfa3,ADH1_T,PKG1,PPtase_BBa_K5300011,ADH1_T,Hygromycin,PABA-DW,HR_UP,"(1, 1, 1, 1, 2, 2, 1, 2, 2, 1, 2, 1, 1, 2, 1, 1, 1)",125
HR_DW,PABA-UP,PKG1,pfa1,ADH1_T,ADH1,pfa2,ADH1_T,ADH1,pfa3,ADH1_T,ADH1,PPtase_BBa_K5300011,PKG1_T,Hygromycin,PABA-DW,HR_UP,"(1, 1, 1, 1, 2, 2, 1, 2, 2, 1, 2, 2, 1, 1, 1, 1, 1)",126
HR_DW,PABA-UP,PKG1,pfa1,ADH1_T,ADH1,pfa2,ADH1_T,ADH1,pfa3,ADH1_T,ADH1,PPtase_BBa_K5300011,ADH1_T,Hygromycin,PABA-DW,HR_UP,"(1, 1, 1, 1, 2, 2, 1, 2, 2, 1, 2, 2, 1, 2, 1, 1, 1)",127
HR_DW,PABA-UP,ADH1,pfa1,PKG1_T,PKG1,pfa2,PKG1_T,PKG1,pfa3,PKG1_T,PKG1,PPtase_BBa_K5300011,PKG1_T,Hygromycin,PABA-DW,HR_UP,"(1, 1, 2, 1, 1, 1, 1, 1, 1, 1, 1, 1, 1, 1, 1, 1, 1)",128
HR_DW,PABA-UP,ADH1,pfa1,PKG1_T,PKG1,pfa2,PKG1_T,PKG1,pfa3,PKG1_T,PKG1,PPtase_BBa_K5300011,ADH1_T,Hygromycin,PABA-DW,HR_UP,"(1, 1, 2, 1, 1, 1, 1, 1, 1, 1, 1, 1, 1, 2, 1, 1, 1)",129
HR_DW,PABA-UP,ADH1,pfa1,PKG1_T,PKG1,pfa2,PKG1_T,PKG1,pfa3,PKG1_T,ADH1,PPtase_BBa_K5300011,PKG1_T,Hygromycin,PABA-DW,HR_UP,"(1, 1, 2, 1, 1, 1, 1, 1, 1, 1, 1, 2, 1, 1, 1, 1, 1)",130
HR_DW,PABA-UP,ADH1,pfa1,PKG1_T,PKG1,pfa2,PKG1_T,PKG1,pfa3,PKG1_T,ADH1,PPtase_BBa_K5300011,ADH1_T,Hygromycin,PABA-DW,HR_UP,"(1, 1, 2, 1, 1, 1, 1, 1, 1, 1, 1, 2, 1, 2, 1, 1, 1)",131
HR_DW,PABA-UP,ADH1,pfa1,PKG1_T,PKG1,pfa2,PKG1_T,PKG1,pfa3,ADH1_T,PKG1,PPtase_BBa_K5300011,PKG1_T,Hygromycin,PABA-DW,HR_UP,"(1, 1, 2, 1, 1, 1, 1, 1, 1, 1, 2, 1, 1, 1, 1, 1, 1)",132
HR_DW,PABA-UP,ADH1,pfa1,PKG1_T,PKG1,pfa2,PKG1_T,PKG1,pfa3,ADH1_T,PKG1,PPtase_BBa_K5300011,ADH1_T,Hygromycin,PABA-DW,HR_UP,"(1, 1, 2, 1, 1, 1, 1, 1, 1, 1, 2, 1, 1, 2, 1, 1, 1)",133
HR_DW,PABA-UP,ADH1,pfa1,PKG1_T,PKG1,pfa2,PKG1_T,PKG1,pfa3,ADH1_T,ADH1,PPtase_BBa_K5300011,PKG1_T,Hygromycin,PABA-DW,HR_UP,"(1, 1, 2, 1, 1, 1, 1, 1, 1, 1, 2, 2, 1, 1, 1, 1, 1)",134
HR_DW,PABA-UP,ADH1,pfa1,PKG1_T,PKG1,pfa2,PKG1_T,PKG1,pfa3,ADH1_T,ADH1,PPtase_BBa_K5300011,ADH1_T,Hygromycin,PABA-DW,HR_UP,"(1, 1, 2, 1, 1, 1, 1, 1, 1, 1, 2, 2, 1, 2, 1, 1, 1)",135
HR_DW,PABA-UP,ADH1,pfa1,PKG1_T,PKG1,pfa2,PKG1_T,ADH1,pfa3,PKG1_T,PKG1,PPtase_BBa_K5300011,PKG1_T,Hygromycin,PABA-DW,HR_UP,"(1, 1, 2, 1, 1, 1, 1, 1, 2, 1, 1, 1, 1, 1, 1, 1, 1)",136
HR_DW,PABA-UP,ADH1,pfa1,PKG1_T,PKG1,pfa2,PKG1_T,ADH1,pfa3,PKG1_T,PKG1,PPtase_BBa_K5300011,ADH1_T,Hygromycin,PABA-DW,HR_UP,"(1, 1, 2, 1, 1, 1, 1, 1, 2, 1, 1, 1, 1, 2, 1, 1, 1)",137
HR_DW,PABA-UP,ADH1,pfa1,PKG1_T,PKG1,pfa2,PKG1_T,ADH1,pfa3,PKG1_T,ADH1,PPtase_BBa_K5300011,PKG1_T,Hygromycin,PABA-DW,HR_UP,"(1, 1, 2, 1, 1, 1, 1, 1, 2, 1, 1, 2, 1, 1, 1, 1, 1)",138
HR_DW,PABA-UP,ADH1,pfa1,PKG1_T,PKG1,pfa2,PKG1_T,ADH1,pfa3,PKG1_T,ADH1,PPtase_BBa_K5300011,ADH1_T,Hygromycin,PABA-DW,HR_UP,"(1, 1, 2, 1, 1, 1, 1, 1, 2, 1, 1, 2, 1, 2, 1, 1, 1)",139
HR_DW,PABA-UP,ADH1,pfa1,PKG1_T,PKG1,pfa2,PKG1_T,ADH1,pfa3,ADH1_T,PKG1,PPtase_BBa_K5300011,PKG1_T,Hygromycin,PABA-DW,HR_UP,"(1, 1, 2, 1, 1, 1, 1, 1, 2, 1, 2, 1, 1, 1, 1, 1, 1)",140
HR_DW,PABA-UP,ADH1,pfa1,PKG1_T,PKG1,pfa2,PKG1_T,ADH1,pfa3,ADH1_T,PKG1,PPtase_BBa_K5300011,ADH1_T,Hygromycin,PABA-DW,HR_UP,"(1, 1, 2, 1, 1, 1, 1, 1, 2, 1, 2, 1, 1, 2, 1, 1, 1)",141
HR_DW,PABA-UP,ADH1,pfa1,PKG1_T,PKG1,pfa2,PKG1_T,ADH1,pfa3,ADH1_T,ADH1,PPtase_BBa_K5300011,PKG1_T,Hygromycin,PABA-DW,HR_UP,"(1, 1, 2, 1, 1, 1, 1, 1, 2, 1, 2, 2, 1, 1, 1, 1, 1)",142
HR_DW,PABA-UP,ADH1,pfa1,PKG1_T,PKG1,pfa2,PKG1_T,ADH1,pfa3,ADH1_T,ADH1,PPtase_BBa_K5300011,ADH1_T,Hygromycin,PABA-DW,HR_UP,"(1, 1, 2, 1, 1, 1, 1, 1, 2, 1, 2, 2, 1, 2, 1, 1, 1)",143
HR_DW,PABA-UP,ADH1,pfa1,PKG1_T,PKG1,pfa2,ADH1_T,PKG1,pfa3,PKG1_T,PKG1,PPtase_BBa_K5300011,PKG1_T,Hygromycin,PABA-DW,HR_UP,"(1, 1, 2, 1, 1, 1, 1, 2, 1, 1, 1, 1, 1, 1, 1, 1, 1)",144
HR_DW,PABA-UP,ADH1,pfa1,PKG1_T,PKG1,pfa2,ADH1_T,PKG1,pfa3,PKG1_T,PKG1,PPtase_BBa_K5300011,ADH1_T,Hygromycin,PABA-DW,HR_UP,"(1, 1, 2, 1, 1, 1, 1, 2, 1, 1, 1, 1, 1, 2, 1, 1, 1)",145
HR_DW,PABA-UP,ADH1,pfa1,PKG1_T,PKG1,pfa2,ADH1_T,PKG1,pfa3,PKG1_T,ADH1,PPtase_BBa_K5300011,PKG1_T,Hygromycin,PABA-DW,HR_UP,"(1, 1, 2, 1, 1, 1, 1, 2, 1, 1, 1, 2, 1, 1, 1, 1, 1)",146
HR_DW,PABA-UP,ADH1,pfa1,PKG1_T,PKG1,pfa2,ADH1_T,PKG1,pfa3,PKG1_T,ADH1,PPtase_BBa_K5300011,ADH1_T,Hygromycin,PABA-DW,HR_UP,"(1, 1, 2, 1, 1, 1, 1, 2, 1, 1, 1, 2, 1, 2, 1, 1, 1)",147
HR_DW,PABA-UP,ADH1,pfa1,PKG1_T,PKG1,pfa2,ADH1_T,PKG1,pfa3,ADH1_T,PKG1,PPtase_BBa_K5300011,PKG1_T,Hygromycin,PABA-DW,HR_UP,"(1, 1, 2, 1, 1, 1, 1, 2, 1, 1, 2, 1, 1, 1, 1, 1, 1)",148
HR_DW,PABA-UP,ADH1,pfa1,PKG1_T,PKG1,pfa2,ADH1_T,PKG1,pfa3,ADH1_T,PKG1,PPtase_BBa_K5300011,ADH1_T,Hygromycin,PABA-DW,HR_UP,"(1, 1, 2, 1, 1, 1, 1, 2, 1, 1, 2, 1, 1, 2, 1, 1, 1)",149
HR_DW,PABA-UP,ADH1,pfa1,PKG1_T,PKG1,pfa2,ADH1_T,PKG1,pfa3,ADH1_T,ADH1,PPtase_BBa_K5300011,PKG1_T,Hygromycin,PABA-DW,HR_UP,"(1, 1, 2, 1, 1, 1, 1, 2, 1, 1, 2, 2, 1, 1, 1, 1, 1)",150
HR_DW,PABA-UP,ADH1,pfa1,PKG1_T,PKG1,pfa2,ADH1_T,PKG1,pfa3,ADH1_T,ADH1,PPtase_BBa_K5300011,ADH1_T,Hygromycin,PABA-DW,HR_UP,"(1, 1, 2, 1, 1, 1, 1, 2, 1, 1, 2, 2, 1, 2, 1, 1, 1)",151
HR_DW,PABA-UP,ADH1,pfa1,PKG1_T,PKG1,pfa2,ADH1_T,ADH1,pfa3,PKG1_T,PKG1,PPtase_BBa_K5300011,PKG1_T,Hygromycin,PABA-DW,HR_UP,"(1, 1, 2, 1, 1, 1, 1, 2, 2, 1, 1, 1, 1, 1, 1, 1, 1)",152
HR_DW,PABA-UP,ADH1,pfa1,PKG1_T,PKG1,pfa2,ADH1_T,ADH1,pfa3,PKG1_T,PKG1,PPtase_BBa_K5300011,ADH1_T,Hygromycin,PABA-DW,HR_UP,"(1, 1, 2, 1, 1, 1, 1, 2, 2, 1, 1, 1, 1, 2, 1, 1, 1)",153
HR_DW,PABA-UP,ADH1,pfa1,PKG1_T,PKG1,pfa2,ADH1_T,ADH1,pfa3,PKG1_T,ADH1,PPtase_BBa_K5300011,PKG1_T,Hygromycin,PABA-DW,HR_UP,"(1, 1, 2, 1, 1, 1, 1, 2, 2, 1, 1, 2, 1, 1, 1, 1, 1)",154
HR_DW,PABA-UP,ADH1,pfa1,PKG1_T,PKG1,pfa2,ADH1_T,ADH1,pfa3,PKG1_T,ADH1,PPtase_BBa_K5300011,ADH1_T,Hygromycin,PABA-DW,HR_UP,"(1, 1, 2, 1, 1, 1, 1, 2, 2, 1, 1, 2, 1, 2, 1, 1, 1)",155
HR_DW,PABA-UP,ADH1,pfa1,PKG1_T,PKG1,pfa2,ADH1_T,ADH1,pfa3,ADH1_T,PKG1,PPtase_BBa_K5300011,PKG1_T,Hygromycin,PABA-DW,HR_UP,"(1, 1, 2, 1, 1, 1, 1, 2, 2, 1, 2, 1, 1, 1, 1, 1, 1)",156
HR_DW,PABA-UP,ADH1,pfa1,PKG1_T,PKG1,pfa2,ADH1_T,ADH1,pfa3,ADH1_T,PKG1,PPtase_BBa_K5300011,ADH1_T,Hygromycin,PABA-DW,HR_UP,"(1, 1, 2, 1, 1, 1, 1, 2, 2, 1, 2, 1, 1, 2, 1, 1, 1)",157
HR_DW,PABA-UP,ADH1,pfa1,PKG1_T,PKG1,pfa2,ADH1_T,ADH1,pfa3,ADH1_T,ADH1,PPtase_BBa_K5300011,PKG1_T,Hygromycin,PABA-DW,HR_UP,"(1, 1, 2, 1, 1, 1, 1, 2, 2, 1, 2, 2, 1, 1, 1, 1, 1)",158
HR_DW,PABA-UP,ADH1,pfa1,PKG1_T,PKG1,pfa2,ADH1_T,ADH1,pfa3,ADH1_T,ADH1,PPtase_BBa_K5300011,ADH1_T,Hygromycin,PABA-DW,HR_UP,"(1, 1, 2, 1, 1, 1, 1, 2, 2, 1, 2, 2, 1, 2, 1, 1, 1)",159
HR_DW,PABA-UP,ADH1,pfa1,PKG1_T,ADH1,pfa2,PKG1_T,PKG1,pfa3,PKG1_T,PKG1,PPtase_BBa_K5300011,PKG1_T,Hygromycin,PABA-DW,HR_UP,"(1, 1, 2, 1, 1, 2, 1, 1, 1, 1, 1, 1, 1, 1, 1, 1, 1)",160
HR_DW,PABA-UP,ADH1,pfa1,PKG1_T,ADH1,pfa2,PKG1_T,PKG1,pfa3,PKG1_T,PKG1,PPtase_BBa_K5300011,ADH1_T,Hygromycin,PABA-DW,HR_UP,"(1, 1, 2, 1, 1, 2, 1, 1, 1, 1, 1, 1, 1, 2, 1, 1, 1)",161
HR_DW,PABA-UP,ADH1,pfa1,PKG1_T,ADH1,pfa2,PKG1_T,PKG1,pfa3,PKG1_T,ADH1,PPtase_BBa_K5300011,PKG1_T,Hygromycin,PABA-DW,HR_UP,"(1, 1, 2, 1, 1, 2, 1, 1, 1, 1, 1, 2, 1, 1, 1, 1, 1)",162
HR_DW,PABA-UP,ADH1,pfa1,PKG1_T,ADH1,pfa2,PKG1_T,PKG1,pfa3,PKG1_T,ADH1,PPtase_BBa_K5300011,ADH1_T,Hygromycin,PABA-DW,HR_UP,"(1, 1, 2, 1, 1, 2, 1, 1, 1, 1, 1, 2, 1, 2, 1, 1, 1)",163
HR_DW,PABA-UP,ADH1,pfa1,PKG1_T,ADH1,pfa2,PKG1_T,PKG1,pfa3,ADH1_T,PKG1,PPtase_BBa_K5300011,PKG1_T,Hygromycin,PABA-DW,HR_UP,"(1, 1, 2, 1, 1, 2, 1, 1, 1, 1, 2, 1, 1, 1, 1, 1, 1)",164
HR_DW,PABA-UP,ADH1,pfa1,PKG1_T,ADH1,pfa2,PKG1_T,PKG1,pfa3,ADH1_T,PKG1,PPtase_BBa_K5300011,ADH1_T,Hygromycin,PABA-DW,HR_UP,"(1, 1, 2, 1, 1, 2, 1, 1, 1, 1, 2, 1, 1, 2, 1, 1, 1)",165
HR_DW,PABA-UP,ADH1,pfa1,PKG1_T,ADH1,pfa2,PKG1_T,PKG1,pfa3,ADH1_T,ADH1,PPtase_BBa_K5300011,PKG1_T,Hygromycin,PABA-DW,HR_UP,"(1, 1, 2, 1, 1, 2, 1, 1, 1, 1, 2, 2, 1, 1, 1, 1, 1)",166
HR_DW,PABA-UP,ADH1,pfa1,PKG1_T,ADH1,pfa2,PKG1_T,PKG1,pfa3,ADH1_T,ADH1,PPtase_BBa_K5300011,ADH1_T,Hygromycin,PABA-DW,HR_UP,"(1, 1, 2, 1, 1, 2, 1, 1, 1, 1, 2, 2, 1, 2, 1, 1, 1)",167
HR_DW,PABA-UP,ADH1,pfa1,PKG1_T,ADH1,pfa2,PKG1_T,ADH1,pfa3,PKG1_T,PKG1,PPtase_BBa_K5300011,PKG1_T,Hygromycin,PABA-DW,HR_UP,"(1, 1, 2, 1, 1, 2, 1, 1, 2, 1, 1, 1, 1, 1, 1, 1, 1)",168
HR_DW,PABA-UP,ADH1,pfa1,PKG1_T,ADH1,pfa2,PKG1_T,ADH1,pfa3,PKG1_T,PKG1,PPtase_BBa_K5300011,ADH1_T,Hygromycin,PABA-DW,HR_UP,"(1, 1, 2, 1, 1, 2, 1, 1, 2, 1, 1, 1, 1, 2, 1, 1, 1)",169
HR_DW,PABA-UP,ADH1,pfa1,PKG1_T,ADH1,pfa2,PKG1_T,ADH1,pfa3,PKG1_T,ADH1,PPtase_BBa_K5300011,PKG1_T,Hygromycin,PABA-DW,HR_UP,"(1, 1, 2, 1, 1, 2, 1, 1, 2, 1, 1, 2, 1, 1, 1, 1, 1)",170
HR_DW,PABA-UP,ADH1,pfa1,PKG1_T,ADH1,pfa2,PKG1_T,ADH1,pfa3,PKG1_T,ADH1,PPtase_BBa_K5300011,ADH1_T,Hygromycin,PABA-DW,HR_UP,"(1, 1, 2, 1, 1, 2, 1, 1, 2, 1, 1, 2, 1, 2, 1, 1, 1)",171
HR_DW,PABA-UP,ADH1,pfa1,PKG1_T,ADH1,pfa2,PKG1_T,ADH1,pfa3,ADH1_T,PKG1,PPtase_BBa_K5300011,PKG1_T,Hygromycin,PABA-DW,HR_UP,"(1, 1, 2, 1, 1, 2, 1, 1, 2, 1, 2, 1, 1, 1, 1, 1, 1)",172
HR_DW,PABA-UP,ADH1,pfa1,PKG1_T,ADH1,pfa2,PKG1_T,ADH1,pfa3,ADH1_T,PKG1,PPtase_BBa_K5300011,ADH1_T,Hygromycin,PABA-DW,HR_UP,"(1, 1, 2, 1, 1, 2, 1, 1, 2, 1, 2, 1, 1, 2, 1, 1, 1)",173
HR_DW,PABA-UP,ADH1,pfa1,PKG1_T,ADH1,pfa2,PKG1_T,ADH1,pfa3,ADH1_T,ADH1,PPtase_BBa_K5300011,PKG1_T,Hygromycin,PABA-DW,HR_UP,"(1, 1, 2, 1, 1, 2, 1, 1, 2, 1, 2, 2, 1, 1, 1, 1, 1)",174
HR_DW,PABA-UP,ADH1,pfa1,PKG1_T,ADH1,pfa2,PKG1_T,ADH1,pfa3,ADH1_T,ADH1,PPtase_BBa_K5300011,ADH1_T,Hygromycin,PABA-DW,HR_UP,"(1, 1, 2, 1, 1, 2, 1, 1, 2, 1, 2, 2, 1, 2, 1, 1, 1)",175
HR_DW,PABA-UP,ADH1,pfa1,PKG1_T,ADH1,pfa2,ADH1_T,PKG1,pfa3,PKG1_T,PKG1,PPtase_BBa_K5300011,PKG1_T,Hygromycin,PABA-DW,HR_UP,"(1, 1, 2, 1, 1, 2, 1, 2, 1, 1, 1, 1, 1, 1, 1, 1, 1)",176
HR_DW,PABA-UP,ADH1,pfa1,PKG1_T,ADH1,pfa2,ADH1_T,PKG1,pfa3,PKG1_T,PKG1,PPtase_BBa_K5300011,ADH1_T,Hygromycin,PABA-DW,HR_UP,"(1, 1, 2, 1, 1, 2, 1, 2, 1, 1, 1, 1, 1, 2, 1, 1, 1)",177
HR_DW,PABA-UP,ADH1,pfa1,PKG1_T,ADH1,pfa2,ADH1_T,PKG1,pfa3,PKG1_T,ADH1,PPtase_BBa_K5300011,PKG1_T,Hygromycin,PABA-DW,HR_UP,"(1, 1, 2, 1, 1, 2, 1, 2, 1, 1, 1, 2, 1, 1, 1, 1, 1)",178
HR_DW,PABA-UP,ADH1,pfa1,PKG1_T,ADH1,pfa2,ADH1_T,PKG1,pfa3,PKG1_T,ADH1,PPtase_BBa_K5300011,ADH1_T,Hygromycin,PABA-DW,HR_UP,"(1, 1, 2, 1, 1, 2, 1, 2, 1, 1, 1, 2, 1, 2, 1, 1, 1)",179
HR_DW,PABA-UP,ADH1,pfa1,PKG1_T,ADH1,pfa2,ADH1_T,PKG1,pfa3,ADH1_T,PKG1,PPtase_BBa_K5300011,PKG1_T,Hygromycin,PABA-DW,HR_UP,"(1, 1, 2, 1, 1, 2, 1, 2, 1, 1, 2, 1, 1, 1, 1, 1, 1)",180
HR_DW,PABA-UP,ADH1,pfa1,PKG1_T,ADH1,pfa2,ADH1_T,PKG1,pfa3,ADH1_T,PKG1,PPtase_BBa_K5300011,ADH1_T,Hygromycin,PABA-DW,HR_UP,"(1, 1, 2, 1, 1, 2, 1, 2, 1, 1, 2, 1, 1, 2, 1, 1, 1)",181
HR_DW,PABA-UP,ADH1,pfa1,PKG1_T,ADH1,pfa2,ADH1_T,PKG1,pfa3,ADH1_T,ADH1,PPtase_BBa_K5300011,PKG1_T,Hygromycin,PABA-DW,HR_UP,"(1, 1, 2, 1, 1, 2, 1, 2, 1, 1, 2, 2, 1, 1, 1, 1, 1)",182
HR_DW,PABA-UP,ADH1,pfa1,PKG1_T,ADH1,pfa2,ADH1_T,PKG1,pfa3,ADH1_T,ADH1,PPtase_BBa_K5300011,ADH1_T,Hygromycin,PABA-DW,HR_UP,"(1, 1, 2, 1, 1, 2, 1, 2, 1, 1, 2, 2, 1, 2, 1, 1, 1)",183
HR_DW,PABA-UP,ADH1,pfa1,PKG1_T,ADH1,pfa2,ADH1_T,ADH1,pfa3,PKG1_T,PKG1,PPtase_BBa_K5300011,PKG1_T,Hygromycin,PABA-DW,HR_UP,"(1, 1, 2, 1, 1, 2, 1, 2, 2, 1, 1, 1, 1, 1, 1, 1, 1)",184
HR_DW,PABA-UP,ADH1,pfa1,PKG1_T,ADH1,pfa2,ADH1_T,ADH1,pfa3,PKG1_T,PKG1,PPtase_BBa_K5300011,ADH1_T,Hygromycin,PABA-DW,HR_UP,"(1, 1, 2, 1, 1, 2, 1, 2, 2, 1, 1, 1, 1, 2, 1, 1, 1)",185
HR_DW,PABA-UP,ADH1,pfa1,PKG1_T,ADH1,pfa2,ADH1_T,ADH1,pfa3,PKG1_T,ADH1,PPtase_BBa_K5300011,PKG1_T,Hygromycin,PABA-DW,HR_UP,"(1, 1, 2, 1, 1, 2, 1, 2, 2, 1, 1, 2, 1, 1, 1, 1, 1)",186
HR_DW,PABA-UP,ADH1,pfa1,PKG1_T,ADH1,pfa2,ADH1_T,ADH1,pfa3,PKG1_T,ADH1,PPtase_BBa_K5300011,ADH1_T,Hygromycin,PABA-DW,HR_UP,"(1, 1, 2, 1, 1, 2, 1, 2, 2, 1, 1, 2, 1, 2, 1, 1, 1)",187
HR_DW,PABA-UP,ADH1,pfa1,PKG1_T,ADH1,pfa2,ADH1_T,ADH1,pfa3,ADH1_T,PKG1,PPtase_BBa_K5300011,PKG1_T,Hygromycin,PABA-DW,HR_UP,"(1, 1, 2, 1, 1, 2, 1, 2, 2, 1, 2, 1, 1, 1, 1, 1, 1)",188
HR_DW,PABA-UP,ADH1,pfa1,PKG1_T,ADH1,pfa2,ADH1_T,ADH1,pfa3,ADH1_T,PKG1,PPtase_BBa_K5300011,ADH1_T,Hygromycin,PABA-DW,HR_UP,"(1, 1, 2, 1, 1, 2, 1, 2, 2, 1, 2, 1, 1, 2, 1, 1, 1)",189
HR_DW,PABA-UP,ADH1,pfa1,PKG1_T,ADH1,pfa2,ADH1_T,ADH1,pfa3,ADH1_T,ADH1,PPtase_BBa_K5300011,PKG1_T,Hygromycin,PABA-DW,HR_UP,"(1, 1, 2, 1, 1, 2, 1, 2, 2, 1, 2, 2, 1, 1, 1, 1, 1)",190
HR_DW,PABA-UP,ADH1,pfa1,PKG1_T,ADH1,pfa2,ADH1_T,ADH1,pfa3,ADH1_T,ADH1,PPtase_BBa_K5300011,ADH1_T,Hygromycin,PABA-DW,HR_UP,"(1, 1, 2, 1, 1, 2, 1, 2, 2, 1, 2, 2, 1, 2, 1, 1, 1)",191
HR_DW,PABA-UP,ADH1,pfa1,ADH1_T,PKG1,pfa2,PKG1_T,PKG1,pfa3,PKG1_T,PKG1,PPtase_BBa_K5300011,PKG1_T,Hygromycin,PABA-DW,HR_UP,"(1, 1, 2, 1, 2, 1, 1, 1, 1, 1, 1, 1, 1, 1, 1, 1, 1)",192
HR_DW,PABA-UP,ADH1,pfa1,ADH1_T,PKG1,pfa2,PKG1_T,PKG1,pfa3,PKG1_T,PKG1,PPtase_BBa_K5300011,ADH1_T,Hygromycin,PABA-DW,HR_UP,"(1, 1, 2, 1, 2, 1, 1, 1, 1, 1, 1, 1, 1, 2, 1, 1, 1)",193
HR_DW,PABA-UP,ADH1,pfa1,ADH1_T,PKG1,pfa2,PKG1_T,PKG1,pfa3,PKG1_T,ADH1,PPtase_BBa_K5300011,PKG1_T,Hygromycin,PABA-DW,HR_UP,"(1, 1, 2, 1, 2, 1, 1, 1, 1, 1, 1, 2, 1, 1, 1, 1, 1)",194
HR_DW,PABA-UP,ADH1,pfa1,ADH1_T,PKG1,pfa2,PKG1_T,PKG1,pfa3,PKG1_T,ADH1,PPtase_BBa_K5300011,ADH1_T,Hygromycin,PABA-DW,HR_UP,"(1, 1, 2, 1, 2, 1, 1, 1, 1, 1, 1, 2, 1, 2, 1, 1, 1)",195
HR_DW,PABA-UP,ADH1,pfa1,ADH1_T,PKG1,pfa2,PKG1_T,PKG1,pfa3,ADH1_T,PKG1,PPtase_BBa_K5300011,PKG1_T,Hygromycin,PABA-DW,HR_UP,"(1, 1, 2, 1, 2, 1, 1, 1, 1, 1, 2, 1, 1, 1, 1, 1, 1)",196
HR_DW,PABA-UP,ADH1,pfa1,ADH1_T,PKG1,pfa2,PKG1_T,PKG1,pfa3,ADH1_T,PKG1,PPtase_BBa_K5300011,ADH1_T,Hygromycin,PABA-DW,HR_UP,"(1, 1, 2, 1, 2, 1, 1, 1, 1, 1, 2, 1, 1, 2, 1, 1, 1)",197
HR_DW,PABA-UP,ADH1,pfa1,ADH1_T,PKG1,pfa2,PKG1_T,PKG1,pfa3,ADH1_T,ADH1,PPtase_BBa_K5300011,PKG1_T,Hygromycin,PABA-DW,HR_UP,"(1, 1, 2, 1, 2, 1, 1, 1, 1, 1, 2, 2, 1, 1, 1, 1, 1)",198
HR_DW,PABA-UP,ADH1,pfa1,ADH1_T,PKG1,pfa2,PKG1_T,PKG1,pfa3,ADH1_T,ADH1,PPtase_BBa_K5300011,ADH1_T,Hygromycin,PABA-DW,HR_UP,"(1, 1, 2, 1, 2, 1, 1, 1, 1, 1, 2, 2, 1, 2, 1, 1, 1)",199
HR_DW,PABA-UP,ADH1,pfa1,ADH1_T,PKG1,pfa2,PKG1_T,ADH1,pfa3,PKG1_T,PKG1,PPtase_BBa_K5300011,PKG1_T,Hygromycin,PABA-DW,HR_UP,"(1, 1, 2, 1, 2, 1, 1, 1, 2, 1, 1, 1, 1, 1, 1, 1, 1)",200
HR_DW,PABA-UP,ADH1,pfa1,ADH1_T,PKG1,pfa2,PKG1_T,ADH1,pfa3,PKG1_T,PKG1,PPtase_BBa_K5300011,ADH1_T,Hygromycin,PABA-DW,HR_UP,"(1, 1, 2, 1, 2, 1, 1, 1, 2, 1, 1, 1, 1, 2, 1, 1, 1)",201
HR_DW,PABA-UP,ADH1,pfa1,ADH1_T,PKG1,pfa2,PKG1_T,ADH1,pfa3,PKG1_T,ADH1,PPtase_BBa_K5300011,PKG1_T,Hygromycin,PABA-DW,HR_UP,"(1, 1, 2, 1, 2, 1, 1, 1, 2, 1, 1, 2, 1, 1, 1, 1, 1)",202
HR_DW,PABA-UP,ADH1,pfa1,ADH1_T,PKG1,pfa2,PKG1_T,ADH1,pfa3,PKG1_T,ADH1,PPtase_BBa_K5300011,ADH1_T,Hygromycin,PABA-DW,HR_UP,"(1, 1, 2, 1, 2, 1, 1, 1, 2, 1, 1, 2, 1, 2, 1, 1, 1)",203
HR_DW,PABA-UP,ADH1,pfa1,ADH1_T,PKG1,pfa2,PKG1_T,ADH1,pfa3,ADH1_T,PKG1,PPtase_BBa_K5300011,PKG1_T,Hygromycin,PABA-DW,HR_UP,"(1, 1, 2, 1, 2, 1, 1, 1, 2, 1, 2, 1, 1, 1, 1, 1, 1)",204
HR_DW,PABA-UP,ADH1,pfa1,ADH1_T,PKG1,pfa2,PKG1_T,ADH1,pfa3,ADH1_T,PKG1,PPtase_BBa_K5300011,ADH1_T,Hygromycin,PABA-DW,HR_UP,"(1, 1, 2, 1, 2, 1, 1, 1, 2, 1, 2, 1, 1, 2, 1, 1, 1)",205
HR_DW,PABA-UP,ADH1,pfa1,ADH1_T,PKG1,pfa2,PKG1_T,ADH1,pfa3,ADH1_T,ADH1,PPtase_BBa_K5300011,PKG1_T,Hygromycin,PABA-DW,HR_UP,"(1, 1, 2, 1, 2, 1, 1, 1, 2, 1, 2, 2, 1, 1, 1, 1, 1)",206
HR_DW,PABA-UP,ADH1,pfa1,ADH1_T,PKG1,pfa2,PKG1_T,ADH1,pfa3,ADH1_T,ADH1,PPtase_BBa_K5300011,ADH1_T,Hygromycin,PABA-DW,HR_UP,"(1, 1, 2, 1, 2, 1, 1, 1, 2, 1, 2, 2, 1, 2, 1, 1, 1)",207
HR_DW,PABA-UP,ADH1,pfa1,ADH1_T,PKG1,pfa2,ADH1_T,PKG1,pfa3,PKG1_T,PKG1,PPtase_BBa_K5300011,PKG1_T,Hygromycin,PABA-DW,HR_UP,"(1, 1, 2, 1, 2, 1, 1, 2, 1, 1, 1, 1, 1, 1, 1, 1, 1)",208
HR_DW,PABA-UP,ADH1,pfa1,ADH1_T,PKG1,pfa2,ADH1_T,PKG1,pfa3,PKG1_T,PKG1,PPtase_BBa_K5300011,ADH1_T,Hygromycin,PABA-DW,HR_UP,"(1, 1, 2, 1, 2, 1, 1, 2, 1, 1, 1, 1, 1, 2, 1, 1, 1)",209
HR_DW,PABA-UP,ADH1,pfa1,ADH1_T,PKG1,pfa2,ADH1_T,PKG1,pfa3,PKG1_T,ADH1,PPtase_BBa_K5300011,PKG1_T,Hygromycin,PABA-DW,HR_UP,"(1, 1, 2, 1, 2, 1, 1, 2, 1, 1, 1, 2, 1, 1, 1, 1, 1)",210
HR_DW,PABA-UP,ADH1,pfa1,ADH1_T,PKG1,pfa2,ADH1_T,PKG1,pfa3,PKG1_T,ADH1,PPtase_BBa_K5300011,ADH1_T,Hygromycin,PABA-DW,HR_UP,"(1, 1, 2, 1, 2, 1, 1, 2, 1, 1, 1, 2, 1, 2, 1, 1, 1)",211
HR_DW,PABA-UP,ADH1,pfa1,ADH1_T,PKG1,pfa2,ADH1_T,PKG1,pfa3,ADH1_T,PKG1,PPtase_BBa_K5300011,PKG1_T,Hygromycin,PABA-DW,HR_UP,"(1, 1, 2, 1, 2, 1, 1, 2, 1, 1, 2, 1, 1, 1, 1, 1, 1)",212
HR_DW,PABA-UP,ADH1,pfa1,ADH1_T,PKG1,pfa2,ADH1_T,PKG1,pfa3,ADH1_T,PKG1,PPtase_BBa_K5300011,ADH1_T,Hygromycin,PABA-DW,HR_UP,"(1, 1, 2, 1, 2, 1, 1, 2, 1, 1, 2, 1, 1, 2, 1, 1, 1)",213
HR_DW,PABA-UP,ADH1,pfa1,ADH1_T,PKG1,pfa2,ADH1_T,PKG1,pfa3,ADH1_T,ADH1,PPtase_BBa_K5300011,PKG1_T,Hygromycin,PABA-DW,HR_UP,"(1, 1, 2, 1, 2, 1, 1, 2, 1, 1, 2, 2, 1, 1, 1, 1, 1)",214
HR_DW,PABA-UP,ADH1,pfa1,ADH1_T,PKG1,pfa2,ADH1_T,PKG1,pfa3,ADH1_T,ADH1,PPtase_BBa_K5300011,ADH1_T,Hygromycin,PABA-DW,HR_UP,"(1, 1, 2, 1, 2, 1, 1, 2, 1, 1, 2, 2, 1, 2, 1, 1, 1)",215
HR_DW,PABA-UP,ADH1,pfa1,ADH1_T,PKG1,pfa2,ADH1_T,ADH1,pfa3,PKG1_T,PKG1,PPtase_BBa_K5300011,PKG1_T,Hygromycin,PABA-DW,HR_UP,"(1, 1, 2, 1, 2, 1, 1, 2, 2, 1, 1, 1, 1, 1, 1, 1, 1)",216
HR_DW,PABA-UP,ADH1,pfa1,ADH1_T,PKG1,pfa2,ADH1_T,ADH1,pfa3,PKG1_T,PKG1,PPtase_BBa_K5300011,ADH1_T,Hygromycin,PABA-DW,HR_UP,"(1, 1, 2, 1, 2, 1, 1, 2, 2, 1, 1, 1, 1, 2, 1, 1, 1)",217
HR_DW,PABA-UP,ADH1,pfa1,ADH1_T,PKG1,pfa2,ADH1_T,ADH1,pfa3,PKG1_T,ADH1,PPtase_BBa_K5300011,PKG1_T,Hygromycin,PABA-DW,HR_UP,"(1, 1, 2, 1, 2, 1, 1, 2, 2, 1, 1, 2, 1, 1, 1, 1, 1)",218
HR_DW,PABA-UP,ADH1,pfa1,ADH1_T,PKG1,pfa2,ADH1_T,ADH1,pfa3,PKG1_T,ADH1,PPtase_BBa_K5300011,ADH1_T,Hygromycin,PABA-DW,HR_UP,"(1, 1, 2, 1, 2, 1, 1, 2, 2, 1, 1, 2, 1, 2, 1, 1, 1)",219
HR_DW,PABA-UP,ADH1,pfa1,ADH1_T,PKG1,pfa2,ADH1_T,ADH1,pfa3,ADH1_T,PKG1,PPtase_BBa_K5300011,PKG1_T,Hygromycin,PABA-DW,HR_UP,"(1, 1, 2, 1, 2, 1, 1, 2, 2, 1, 2, 1, 1, 1, 1, 1, 1)",220
HR_DW,PABA-UP,ADH1,pfa1,ADH1_T,PKG1,pfa2,ADH1_T,ADH1,pfa3,ADH1_T,PKG1,PPtase_BBa_K5300011,ADH1_T,Hygromycin,PABA-DW,HR_UP,"(1, 1, 2, 1, 2, 1, 1, 2, 2, 1, 2, 1, 1, 2, 1, 1, 1)",221
HR_DW,PABA-UP,ADH1,pfa1,ADH1_T,PKG1,pfa2,ADH1_T,ADH1,pfa3,ADH1_T,ADH1,PPtase_BBa_K5300011,PKG1_T,Hygromycin,PABA-DW,HR_UP,"(1, 1, 2, 1, 2, 1, 1, 2, 2, 1, 2, 2, 1, 1, 1, 1, 1)",222
HR_DW,PABA-UP,ADH1,pfa1,ADH1_T,PKG1,pfa2,ADH1_T,ADH1,pfa3,ADH1_T,ADH1,PPtase_BBa_K5300011,ADH1_T,Hygromycin,PABA-DW,HR_UP,"(1, 1, 2, 1, 2, 1, 1, 2, 2, 1, 2, 2, 1, 2, 1, 1, 1)",223
HR_DW,PABA-UP,ADH1,pfa1,ADH1_T,ADH1,pfa2,PKG1_T,PKG1,pfa3,PKG1_T,PKG1,PPtase_BBa_K5300011,PKG1_T,Hygromycin,PABA-DW,HR_UP,"(1, 1, 2, 1, 2, 2, 1, 1, 1, 1, 1, 1, 1, 1, 1, 1, 1)",224
HR_DW,PABA-UP,ADH1,pfa1,ADH1_T,ADH1,pfa2,PKG1_T,PKG1,pfa3,PKG1_T,PKG1,PPtase_BBa_K5300011,ADH1_T,Hygromycin,PABA-DW,HR_UP,"(1, 1, 2, 1, 2, 2, 1, 1, 1, 1, 1, 1, 1, 2, 1, 1, 1)",225
HR_DW,PABA-UP,ADH1,pfa1,ADH1_T,ADH1,pfa2,PKG1_T,PKG1,pfa3,PKG1_T,ADH1,PPtase_BBa_K5300011,PKG1_T,Hygromycin,PABA-DW,HR_UP,"(1, 1, 2, 1, 2, 2, 1, 1, 1, 1, 1, 2, 1, 1, 1, 1, 1)",226
HR_DW,PABA-UP,ADH1,pfa1,ADH1_T,ADH1,pfa2,PKG1_T,PKG1,pfa3,PKG1_T,ADH1,PPtase_BBa_K5300011,ADH1_T,Hygromycin,PABA-DW,HR_UP,"(1, 1, 2, 1, 2, 2, 1, 1, 1, 1, 1, 2, 1, 2, 1, 1, 1)",227
HR_DW,PABA-UP,ADH1,pfa1,ADH1_T,ADH1,pfa2,PKG1_T,PKG1,pfa3,ADH1_T,PKG1,PPtase_BBa_K5300011,PKG1_T,Hygromycin,PABA-DW,HR_UP,"(1, 1, 2, 1, 2, 2, 1, 1, 1, 1, 2, 1, 1, 1, 1, 1, 1)",228
HR_DW,PABA-UP,ADH1,pfa1,ADH1_T,ADH1,pfa2,PKG1_T,PKG1,pfa3,ADH1_T,PKG1,PPtase_BBa_K5300011,ADH1_T,Hygromycin,PABA-DW,HR_UP,"(1, 1, 2, 1, 2, 2, 1, 1, 1, 1, 2, 1, 1, 2, 1, 1, 1)",229
HR_DW,PABA-UP,ADH1,pfa1,ADH1_T,ADH1,pfa2,PKG1_T,PKG1,pfa3,ADH1_T,ADH1,PPtase_BBa_K5300011,PKG1_T,Hygromycin,PABA-DW,HR_UP,"(1, 1, 2, 1, 2, 2, 1, 1, 1, 1, 2, 2, 1, 1, 1, 1, 1)",230
HR_DW,PABA-UP,ADH1,pfa1,ADH1_T,ADH1,pfa2,PKG1_T,PKG1,pfa3,ADH1_T,ADH1,PPtase_BBa_K5300011,ADH1_T,Hygromycin,PABA-DW,HR_UP,"(1, 1, 2, 1, 2, 2, 1, 1, 1, 1, 2, 2, 1, 2, 1, 1, 1)",231
HR_DW,PABA-UP,ADH1,pfa1,ADH1_T,ADH1,pfa2,PKG1_T,ADH1,pfa3,PKG1_T,PKG1,PPtase_BBa_K5300011,PKG1_T,Hygromycin,PABA-DW,HR_UP,"(1, 1, 2, 1, 2, 2, 1, 1, 2, 1, 1, 1, 1, 1, 1, 1, 1)",232
HR_DW,PABA-UP,ADH1,pfa1,ADH1_T,ADH1,pfa2,PKG1_T,ADH1,pfa3,PKG1_T,PKG1,PPtase_BBa_K5300011,ADH1_T,Hygromycin,PABA-DW,HR_UP,"(1, 1, 2, 1, 2, 2, 1, 1, 2, 1, 1, 1, 1, 2, 1, 1, 1)",233
HR_DW,PABA-UP,ADH1,pfa1,ADH1_T,ADH1,pfa2,PKG1_T,ADH1,pfa3,PKG1_T,ADH1,PPtase_BBa_K5300011,PKG1_T,Hygromycin,PABA-DW,HR_UP,"(1, 1, 2, 1, 2, 2, 1, 1, 2, 1, 1, 2, 1, 1, 1, 1, 1)",234
HR_DW,PABA-UP,ADH1,pfa1,ADH1_T,ADH1,pfa2,PKG1_T,ADH1,pfa3,PKG1_T,ADH1,PPtase_BBa_K5300011,ADH1_T,Hygromycin,PABA-DW,HR_UP,"(1, 1, 2, 1, 2, 2, 1, 1, 2, 1, 1, 2, 1, 2, 1, 1, 1)",235
HR_DW,PABA-UP,ADH1,pfa1,ADH1_T,ADH1,pfa2,PKG1_T,ADH1,pfa3,ADH1_T,PKG1,PPtase_BBa_K5300011,PKG1_T,Hygromycin,PABA-DW,HR_UP,"(1, 1, 2, 1, 2, 2, 1, 1, 2, 1, 2, 1, 1, 1, 1, 1, 1)",236
HR_DW,PABA-UP,ADH1,pfa1,ADH1_T,ADH1,pfa2,PKG1_T,ADH1,pfa3,ADH1_T,PKG1,PPtase_BBa_K5300011,ADH1_T,Hygromycin,PABA-DW,HR_UP,"(1, 1, 2, 1, 2, 2, 1, 1, 2, 1, 2, 1, 1, 2, 1, 1, 1)",237
HR_DW,PABA-UP,ADH1,pfa1,ADH1_T,ADH1,pfa2,PKG1_T,ADH1,pfa3,ADH1_T,ADH1,PPtase_BBa_K5300011,PKG1_T,Hygromycin,PABA-DW,HR_UP,"(1, 1, 2, 1, 2, 2, 1, 1, 2, 1, 2, 2, 1, 1, 1, 1, 1)",238
HR_DW,PABA-UP,ADH1,pfa1,ADH1_T,ADH1,pfa2,PKG1_T,ADH1,pfa3,ADH1_T,ADH1,PPtase_BBa_K5300011,ADH1_T,Hygromycin,PABA-DW,HR_UP,"(1, 1, 2, 1, 2, 2, 1, 1, 2, 1, 2, 2, 1, 2, 1, 1, 1)",239
HR_DW,PABA-UP,ADH1,pfa1,ADH1_T,ADH1,pfa2,ADH1_T,PKG1,pfa3,PKG1_T,PKG1,PPtase_BBa_K5300011,PKG1_T,Hygromycin,PABA-DW,HR_UP,"(1, 1, 2, 1, 2, 2, 1, 2, 1, 1, 1, 1, 1, 1, 1, 1, 1)",240
HR_DW,PABA-UP,ADH1,pfa1,ADH1_T,ADH1,pfa2,ADH1_T,PKG1,pfa3,PKG1_T,PKG1,PPtase_BBa_K5300011,ADH1_T,Hygromycin,PABA-DW,HR_UP,"(1, 1, 2, 1, 2, 2, 1, 2, 1, 1, 1, 1, 1, 2, 1, 1, 1)",241
HR_DW,PABA-UP,ADH1,pfa1,ADH1_T,ADH1,pfa2,ADH1_T,PKG1,pfa3,PKG1_T,ADH1,PPtase_BBa_K5300011,PKG1_T,Hygromycin,PABA-DW,HR_UP,"(1, 1, 2, 1, 2, 2, 1, 2, 1, 1, 1, 2, 1, 1, 1, 1, 1)",242
HR_DW,PABA-UP,ADH1,pfa1,ADH1_T,ADH1,pfa2,ADH1_T,PKG1,pfa3,PKG1_T,ADH1,PPtase_BBa_K5300011,ADH1_T,Hygromycin,PABA-DW,HR_UP,"(1, 1, 2, 1, 2, 2, 1, 2, 1, 1, 1, 2, 1, 2, 1, 1, 1)",243
HR_DW,PABA-UP,ADH1,pfa1,ADH1_T,ADH1,pfa2,ADH1_T,PKG1,pfa3,ADH1_T,PKG1,PPtase_BBa_K5300011,PKG1_T,Hygromycin,PABA-DW,HR_UP,"(1, 1, 2, 1, 2, 2, 1, 2, 1, 1, 2, 1, 1, 1, 1, 1, 1)",244
HR_DW,PABA-UP,ADH1,pfa1,ADH1_T,ADH1,pfa2,ADH1_T,PKG1,pfa3,ADH1_T,PKG1,PPtase_BBa_K5300011,ADH1_T,Hygromycin,PABA-DW,HR_UP,"(1, 1, 2, 1, 2, 2, 1, 2, 1, 1, 2, 1, 1, 2, 1, 1, 1)",245
HR_DW,PABA-UP,ADH1,pfa1,ADH1_T,ADH1,pfa2,ADH1_T,PKG1,pfa3,ADH1_T,ADH1,PPtase_BBa_K5300011,PKG1_T,Hygromycin,PABA-DW,HR_UP,"(1, 1, 2, 1, 2, 2, 1, 2, 1, 1, 2, 2, 1, 1, 1, 1, 1)",246
HR_DW,PABA-UP,ADH1,pfa1,ADH1_T,ADH1,pfa2,ADH1_T,PKG1,pfa3,ADH1_T,ADH1,PPtase_BBa_K5300011,ADH1_T,Hygromycin,PABA-DW,HR_UP,"(1, 1, 2, 1, 2, 2, 1, 2, 1, 1, 2, 2, 1, 2, 1, 1, 1)",247
HR_DW,PABA-UP,ADH1,pfa1,ADH1_T,ADH1,pfa2,ADH1_T,ADH1,pfa3,PKG1_T,PKG1,PPtase_BBa_K5300011,PKG1_T,Hygromycin,PABA-DW,HR_UP,"(1, 1, 2, 1, 2, 2, 1, 2, 2, 1, 1, 1, 1, 1, 1, 1, 1)",248
HR_DW,PABA-UP,ADH1,pfa1,ADH1_T,ADH1,pfa2,ADH1_T,ADH1,pfa3,PKG1_T,PKG1,PPtase_BBa_K5300011,ADH1_T,Hygromycin,PABA-DW,HR_UP,"(1, 1, 2, 1, 2, 2, 1, 2, 2, 1, 1, 1, 1, 2, 1, 1, 1)",249
HR_DW,PABA-UP,ADH1,pfa1,ADH1_T,ADH1,pfa2,ADH1_T,ADH1,pfa3,PKG1_T,ADH1,PPtase_BBa_K5300011,PKG1_T,Hygromycin,PABA-DW,HR_UP,"(1, 1, 2, 1, 2, 2, 1, 2, 2, 1, 1, 2, 1, 1, 1, 1, 1)",250
HR_DW,PABA-UP,ADH1,pfa1,ADH1_T,ADH1,pfa2,ADH1_T,ADH1,pfa3,PKG1_T,ADH1,PPtase_BBa_K5300011,ADH1_T,Hygromycin,PABA-DW,HR_UP,"(1, 1, 2, 1, 2, 2, 1, 2, 2, 1, 1, 2, 1, 2, 1, 1, 1)",251
HR_DW,PABA-UP,ADH1,pfa1,ADH1_T,ADH1,pfa2,ADH1_T,ADH1,pfa3,ADH1_T,PKG1,PPtase_BBa_K5300011,PKG1_T,Hygromycin,PABA-DW,HR_UP,"(1, 1, 2, 1, 2, 2, 1, 2, 2, 1, 2, 1, 1, 1, 1, 1, 1)",252
HR_DW,PABA-UP,ADH1,pfa1,ADH1_T,ADH1,pfa2,ADH1_T,ADH1,pfa3,ADH1_T,PKG1,PPtase_BBa_K5300011,ADH1_T,Hygromycin,PABA-DW,HR_UP,"(1, 1, 2, 1, 2, 2, 1, 2, 2, 1, 2, 1, 1, 2, 1, 1, 1)",253
HR_DW,PABA-UP,ADH1,pfa1,ADH1_T,ADH1,pfa2,ADH1_T,ADH1,pfa3,ADH1_T,ADH1,PPtase_BBa_K5300011,PKG1_T,Hygromycin,PABA-DW,HR_UP,"(1, 1, 2, 1, 2, 2, 1, 2, 2, 1, 2, 2, 1, 1, 1, 1, 1)",254
HR_DW,PABA-UP,ADH1,pfa1,ADH1_T,ADH1,pfa2,ADH1_T,ADH1,pfa3,ADH1_T,ADH1,PPtase_BBa_K5300011,ADH1_T,Hygromycin,PABA-DW,HR_UP,"(1, 1, 2, 1, 2, 2, 1, 2, 2, 1, 2, 2, 1, 2, 1, 1, 1)",255
